[
{
  "model": "wagtailcore.locale",
  "pk": 1,
  "fields": {
    "language_code": "en"
  }
},
{
  "model": "wagtailcore.site",
  "pk": 1,
  "fields": {
    "hostname": "localhost",
    "port": 80,
    "site_name": "",
    "root_page": 2,
    "is_default_site": true
  }
},
{
  "model": "wagtailcore.collection",
  "pk": 1,
  "fields": {
    "path": "0001",
    "depth": 1,
    "numchild": 0,
    "name": "Root"
  }
},
{
  "model": "wagtailcore.workflowpage",
  "pk": 1,
  "fields": {
    "workflow": 1
  }
},
{
  "model": "wagtailcore.workflowtask",
  "pk": 1,
  "fields": {
    "sort_order": 0,
    "workflow": 1,
    "task": 1
  }
},
{
  "model": "wagtailcore.workflow",
  "pk": 1,
  "fields": {
    "name": "Moderators approval",
    "active": true
  }
},
{
  "model": "contenttypes.contenttype",
  "pk": 1,
  "fields": {
    "app_label": "wagtailcore",
    "model": "page"
  }
},
{
  "model": "contenttypes.contenttype",
  "pk": 2,
  "fields": {
    "app_label": "wagtailcore",
    "model": "groupapprovaltask"
  }
},
{
  "model": "contenttypes.contenttype",
  "pk": 3,
  "fields": {
    "app_label": "wagtailadmin",
    "model": "admin"
  }
},
{
  "model": "contenttypes.contenttype",
  "pk": 4,
  "fields": {
    "app_label": "wagtaildocs",
    "model": "document"
  }
},
{
  "model": "contenttypes.contenttype",
  "pk": 5,
  "fields": {
    "app_label": "wagtailimages",
    "model": "image"
  }
},
{
  "model": "contenttypes.contenttype",
  "pk": 6,
  "fields": {
    "app_label": "test",
    "model": "homepage"
  }
},
{
  "model": "contenttypes.contenttype",
  "pk": 7,
  "fields": {
    "app_label": "test",
    "model": "panoramapage"
  }
},
{
  "model": "contenttypes.contenttype",
  "pk": 8,
  "fields": {
    "app_label": "test",
    "model": "tourpage"
  }
},
{
  "model": "contenttypes.contenttype",
  "pk": 9,
  "fields": {
    "app_label": "wagtailforms",
    "model": "formsubmission"
  }
},
{
  "model": "contenttypes.contenttype",
  "pk": 10,
  "fields": {
    "app_label": "wagtailredirects",
    "model": "redirect"
  }
},
{
  "model": "contenttypes.contenttype",
  "pk": 11,
  "fields": {
    "app_label": "wagtailembeds",
    "model": "embed"
  }
},
{
  "model": "contenttypes.contenttype",
  "pk": 12,
  "fields": {
    "app_label": "wagtailusers",
    "model": "userprofile"
  }
},
{
  "model": "contenttypes.contenttype",
  "pk": 13,
  "fields": {
    "app_label": "wagtaildocs",
    "model": "uploadeddocument"
  }
},
{
  "model": "contenttypes.contenttype",
  "pk": 14,
  "fields": {
    "app_label": "wagtailimages",
    "model": "rendition"
  }
},
{
  "model": "contenttypes.contenttype",
  "pk": 15,
  "fields": {
    "app_label": "wagtailimages",
    "model": "uploadedimage"
  }
},
{
  "model": "contenttypes.contenttype",
  "pk": 16,
  "fields": {
    "app_label": "wagtailsearch",
    "model": "query"
  }
},
{
  "model": "contenttypes.contenttype",
  "pk": 17,
  "fields": {
    "app_label": "wagtailsearch",
    "model": "querydailyhits"
  }
},
{
  "model": "contenttypes.contenttype",
  "pk": 18,
  "fields": {
    "app_label": "wagtailsearch",
    "model": "indexentry"
  }
},
{
  "model": "contenttypes.contenttype",
  "pk": 19,
  "fields": {
    "app_label": "wagtailsearch",
    "model": "sqliteftsindexentry"
  }
},
{
  "model": "contenttypes.contenttype",
  "pk": 20,
  "fields": {
    "app_label": "wagtailcore",
    "model": "grouppagepermission"
  }
},
{
  "model": "contenttypes.contenttype",
  "pk": 21,
  "fields": {
    "app_label": "wagtailcore",
    "model": "pageviewrestriction"
  }
},
{
  "model": "contenttypes.contenttype",
  "pk": 22,
  "fields": {
    "app_label": "wagtailcore",
    "model": "site"
  }
},
{
  "model": "contenttypes.contenttype",
  "pk": 23,
  "fields": {
    "app_label": "wagtailcore",
    "model": "collection"
  }
},
{
  "model": "contenttypes.contenttype",
  "pk": 24,
  "fields": {
    "app_label": "wagtailcore",
    "model": "groupcollectionpermission"
  }
},
{
  "model": "contenttypes.contenttype",
  "pk": 25,
  "fields": {
    "app_label": "wagtailcore",
    "model": "collectionviewrestriction"
  }
},
{
  "model": "contenttypes.contenttype",
  "pk": 26,
  "fields": {
    "app_label": "wagtailcore",
    "model": "task"
  }
},
{
  "model": "contenttypes.contenttype",
  "pk": 27,
  "fields": {
    "app_label": "wagtailcore",
    "model": "taskstate"
  }
},
{
  "model": "contenttypes.contenttype",
  "pk": 28,
  "fields": {
    "app_label": "wagtailcore",
    "model": "workflow"
  }
},
{
  "model": "contenttypes.contenttype",
  "pk": 29,
  "fields": {
    "app_label": "wagtailcore",
    "model": "workflowstate"
  }
},
{
  "model": "contenttypes.contenttype",
  "pk": 30,
  "fields": {
    "app_label": "wagtailcore",
    "model": "workflowpage"
  }
},
{
  "model": "contenttypes.contenttype",
  "pk": 31,
  "fields": {
    "app_label": "wagtailcore",
    "model": "workflowtask"
  }
},
{
  "model": "contenttypes.contenttype",
  "pk": 32,
  "fields": {
    "app_label": "wagtailcore",
    "model": "pagelogentry"
  }
},
{
  "model": "contenttypes.contenttype",
  "pk": 33,
  "fields": {
    "app_label": "wagtailcore",
    "model": "locale"
  }
},
{
  "model": "contenttypes.contenttype",
  "pk": 34,
  "fields": {
    "app_label": "wagtailcore",
    "model": "comment"
  }
},
{
  "model": "contenttypes.contenttype",
  "pk": 35,
  "fields": {
    "app_label": "wagtailcore",
    "model": "commentreply"
  }
},
{
  "model": "contenttypes.contenttype",
  "pk": 36,
  "fields": {
    "app_label": "wagtailcore",
    "model": "pagesubscription"
  }
},
{
  "model": "contenttypes.contenttype",
  "pk": 37,
  "fields": {
    "app_label": "wagtailcore",
    "model": "modellogentry"
  }
},
{
  "model": "contenttypes.contenttype",
  "pk": 38,
  "fields": {
    "app_label": "wagtailcore",
    "model": "revision"
  }
},
{
  "model": "contenttypes.contenttype",
  "pk": 39,
  "fields": {
    "app_label": "taggit",
    "model": "tag"
  }
},
{
  "model": "contenttypes.contenttype",
  "pk": 40,
  "fields": {
    "app_label": "taggit",
    "model": "taggeditem"
  }
},
{
  "model": "contenttypes.contenttype",
  "pk": 41,
  "fields": {
    "app_label": "admin",
    "model": "logentry"
  }
},
{
  "model": "contenttypes.contenttype",
  "pk": 42,
  "fields": {
    "app_label": "auth",
    "model": "permission"
  }
},
{
  "model": "contenttypes.contenttype",
  "pk": 43,
  "fields": {
    "app_label": "auth",
    "model": "group"
  }
},
{
  "model": "contenttypes.contenttype",
  "pk": 44,
  "fields": {
    "app_label": "auth",
    "model": "user"
  }
},
{
  "model": "contenttypes.contenttype",
  "pk": 45,
  "fields": {
    "app_label": "contenttypes",
    "model": "contenttype"
  }
},
{
  "model": "contenttypes.contenttype",
  "pk": 46,
  "fields": {
    "app_label": "sessions",
    "model": "session"
  }
},
{
  "model": "sessions.session",
  "pk": "sjbey6vailwkqijd2j64ng9ro0ou256x",
  "fields": {
    "session_data": ".eJyVU21vozgQ_i9I4VNBxgYbKvEhTTa7XK7tbptqd-90QgYP4Ja3wySkOd1_X5tEyp60X85C4_HM-PE8M8M_Vsr3Y5XuFQypFNat5Vk3P9synr9Baxzilbdl5-ZdOw4yc02Ie_Eq974TUN9dYv8DUHFVGViPsZBEBadYMAwZFRgwwpThiJAwD4IceEF9CATCBc8gp4wCygLsM8EzHhhQBUrJrk3h2Mvh3bpFN9bEy5HL2ukHOEiYnMi6_dPK1VA0UogaJj7A2Omk4tPudd-i35r1l2r6xOF5_WH5okr2MejXf4vvzUG8ZKfvW_qCPm9Z0W7Qtn9LdhVrp3KAzbO_tFs4jrGdd00D7Zi23SgLmfNR56PirrVHOdYQr2QLDbcb3qt0P9RxNY69WpDlAm_0N02TW3ZdWYOuYqMNJk5vfc1z0PsTlLxe4LszilY-HEBV3EQufBRgF0UoJMxf4JXjuRGJwoAyfSA6dhWhd6OSwA3CypyZG_mjvir4yBdkvcAeaUItPfBmnRpdLTfeF9k_lsfk9fl0wtEfDVXftuVqqLnTf_102OJm276e3rNafNQXMHjI3AbPgFB1JRgYilrUVXAhadpvpkXX68xXe_tZ_r9HA7KeMCJO5SHkvDlt5_TSIchFZmHnnYfEDRklgTN0DnKKTsfp5Jj0CPGw1kJJaWDo-nMBSMNm6ujohwwJAZiT3MN-EWki6Bj4KAv9gmAOQUF5ZgAaA0PEpQU0MFji3IMIz2h-Ywri3a3KpFw-JavVMjFnqmbC5Sw9r0Jj8Vbmds3H-NpPu27L-NpRuwIupDadm2lDDYd50GI2P3hdoX3quibVfqhjXRBb1fsyzs9DqKBLz1OpVT7kVSpA5YPsZyi77NJaHiDVmdjzD3VWLwOunN3jbvl7unl8un-O0dWcPCS75FeO--QhfXi5_4Vj-e0nh3XjUUoZQRGhLvZ9RsK__v0BN5NkwA:1onQr2:Un5GP9DFHZjaUjHbf0Zr55kyy9CwjgCzfTpi9yFZtT8",
    "expire_date": "2022-11-08T20:48:56.245Z"
  }
},
{
  "model": "auth.permission",
  "pk": 1,
  "fields": {
    "name": "Can access Wagtail admin",
    "content_type": [
      "wagtailadmin",
      "admin"
    ],
    "codename": "access_admin"
  }
},
{
  "model": "auth.permission",
  "pk": 2,
  "fields": {
    "name": "Can add document",
    "content_type": [
      "wagtaildocs",
      "document"
    ],
    "codename": "add_document"
  }
},
{
  "model": "auth.permission",
  "pk": 3,
  "fields": {
    "name": "Can change document",
    "content_type": [
      "wagtaildocs",
      "document"
    ],
    "codename": "change_document"
  }
},
{
  "model": "auth.permission",
  "pk": 4,
  "fields": {
    "name": "Can delete document",
    "content_type": [
      "wagtaildocs",
      "document"
    ],
    "codename": "delete_document"
  }
},
{
  "model": "auth.permission",
  "pk": 5,
  "fields": {
    "name": "Can choose document",
    "content_type": [
      "wagtaildocs",
      "document"
    ],
    "codename": "choose_document"
  }
},
{
  "model": "auth.permission",
  "pk": 6,
  "fields": {
    "name": "Can add image",
    "content_type": [
      "wagtailimages",
      "image"
    ],
    "codename": "add_image"
  }
},
{
  "model": "auth.permission",
  "pk": 7,
  "fields": {
    "name": "Can change image",
    "content_type": [
      "wagtailimages",
      "image"
    ],
    "codename": "change_image"
  }
},
{
  "model": "auth.permission",
  "pk": 8,
  "fields": {
    "name": "Can delete image",
    "content_type": [
      "wagtailimages",
      "image"
    ],
    "codename": "delete_image"
  }
},
{
  "model": "auth.permission",
  "pk": 9,
  "fields": {
    "name": "Can choose image",
    "content_type": [
      "wagtailimages",
      "image"
    ],
    "codename": "choose_image"
  }
},
{
  "model": "auth.permission",
  "pk": 10,
  "fields": {
    "name": "Can add home page",
    "content_type": [
      "test",
      "homepage"
    ],
    "codename": "add_homepage"
  }
},
{
  "model": "auth.permission",
  "pk": 11,
  "fields": {
    "name": "Can change home page",
    "content_type": [
      "test",
      "homepage"
    ],
    "codename": "change_homepage"
  }
},
{
  "model": "auth.permission",
  "pk": 12,
  "fields": {
    "name": "Can delete home page",
    "content_type": [
      "test",
      "homepage"
    ],
    "codename": "delete_homepage"
  }
},
{
  "model": "auth.permission",
  "pk": 13,
  "fields": {
    "name": "Can view home page",
    "content_type": [
      "test",
      "homepage"
    ],
    "codename": "view_homepage"
  }
},
{
  "model": "auth.permission",
  "pk": 14,
  "fields": {
    "name": "Can add Panorama",
    "content_type": [
      "test",
      "panoramapage"
    ],
    "codename": "add_panoramapage"
  }
},
{
  "model": "auth.permission",
  "pk": 15,
  "fields": {
    "name": "Can change Panorama",
    "content_type": [
      "test",
      "panoramapage"
    ],
    "codename": "change_panoramapage"
  }
},
{
  "model": "auth.permission",
  "pk": 16,
  "fields": {
    "name": "Can delete Panorama",
    "content_type": [
      "test",
      "panoramapage"
    ],
    "codename": "delete_panoramapage"
  }
},
{
  "model": "auth.permission",
  "pk": 17,
  "fields": {
    "name": "Can view Panorama",
    "content_type": [
      "test",
      "panoramapage"
    ],
    "codename": "view_panoramapage"
  }
},
{
  "model": "auth.permission",
  "pk": 18,
  "fields": {
    "name": "Can add Tour",
    "content_type": [
      "test",
      "tourpage"
    ],
    "codename": "add_tourpage"
  }
},
{
  "model": "auth.permission",
  "pk": 19,
  "fields": {
    "name": "Can change Tour",
    "content_type": [
      "test",
      "tourpage"
    ],
    "codename": "change_tourpage"
  }
},
{
  "model": "auth.permission",
  "pk": 20,
  "fields": {
    "name": "Can delete Tour",
    "content_type": [
      "test",
      "tourpage"
    ],
    "codename": "delete_tourpage"
  }
},
{
  "model": "auth.permission",
  "pk": 21,
  "fields": {
    "name": "Can view Tour",
    "content_type": [
      "test",
      "tourpage"
    ],
    "codename": "view_tourpage"
  }
},
{
  "model": "auth.permission",
  "pk": 22,
  "fields": {
    "name": "Can add form submission",
    "content_type": [
      "wagtailforms",
      "formsubmission"
    ],
    "codename": "add_formsubmission"
  }
},
{
  "model": "auth.permission",
  "pk": 23,
  "fields": {
    "name": "Can change form submission",
    "content_type": [
      "wagtailforms",
      "formsubmission"
    ],
    "codename": "change_formsubmission"
  }
},
{
  "model": "auth.permission",
  "pk": 24,
  "fields": {
    "name": "Can delete form submission",
    "content_type": [
      "wagtailforms",
      "formsubmission"
    ],
    "codename": "delete_formsubmission"
  }
},
{
  "model": "auth.permission",
  "pk": 25,
  "fields": {
    "name": "Can view form submission",
    "content_type": [
      "wagtailforms",
      "formsubmission"
    ],
    "codename": "view_formsubmission"
  }
},
{
  "model": "auth.permission",
  "pk": 26,
  "fields": {
    "name": "Can add redirect",
    "content_type": [
      "wagtailredirects",
      "redirect"
    ],
    "codename": "add_redirect"
  }
},
{
  "model": "auth.permission",
  "pk": 27,
  "fields": {
    "name": "Can change redirect",
    "content_type": [
      "wagtailredirects",
      "redirect"
    ],
    "codename": "change_redirect"
  }
},
{
  "model": "auth.permission",
  "pk": 28,
  "fields": {
    "name": "Can delete redirect",
    "content_type": [
      "wagtailredirects",
      "redirect"
    ],
    "codename": "delete_redirect"
  }
},
{
  "model": "auth.permission",
  "pk": 29,
  "fields": {
    "name": "Can view redirect",
    "content_type": [
      "wagtailredirects",
      "redirect"
    ],
    "codename": "view_redirect"
  }
},
{
  "model": "auth.permission",
  "pk": 30,
  "fields": {
    "name": "Can add embed",
    "content_type": [
      "wagtailembeds",
      "embed"
    ],
    "codename": "add_embed"
  }
},
{
  "model": "auth.permission",
  "pk": 31,
  "fields": {
    "name": "Can change embed",
    "content_type": [
      "wagtailembeds",
      "embed"
    ],
    "codename": "change_embed"
  }
},
{
  "model": "auth.permission",
  "pk": 32,
  "fields": {
    "name": "Can delete embed",
    "content_type": [
      "wagtailembeds",
      "embed"
    ],
    "codename": "delete_embed"
  }
},
{
  "model": "auth.permission",
  "pk": 33,
  "fields": {
    "name": "Can view embed",
    "content_type": [
      "wagtailembeds",
      "embed"
    ],
    "codename": "view_embed"
  }
},
{
  "model": "auth.permission",
  "pk": 34,
  "fields": {
    "name": "Can add user profile",
    "content_type": [
      "wagtailusers",
      "userprofile"
    ],
    "codename": "add_userprofile"
  }
},
{
  "model": "auth.permission",
  "pk": 35,
  "fields": {
    "name": "Can change user profile",
    "content_type": [
      "wagtailusers",
      "userprofile"
    ],
    "codename": "change_userprofile"
  }
},
{
  "model": "auth.permission",
  "pk": 36,
  "fields": {
    "name": "Can delete user profile",
    "content_type": [
      "wagtailusers",
      "userprofile"
    ],
    "codename": "delete_userprofile"
  }
},
{
  "model": "auth.permission",
  "pk": 37,
  "fields": {
    "name": "Can view user profile",
    "content_type": [
      "wagtailusers",
      "userprofile"
    ],
    "codename": "view_userprofile"
  }
},
{
  "model": "auth.permission",
  "pk": 38,
  "fields": {
    "name": "Can view document",
    "content_type": [
      "wagtaildocs",
      "document"
    ],
    "codename": "view_document"
  }
},
{
  "model": "auth.permission",
  "pk": 39,
  "fields": {
    "name": "Can add uploaded document",
    "content_type": [
      "wagtaildocs",
      "uploadeddocument"
    ],
    "codename": "add_uploadeddocument"
  }
},
{
  "model": "auth.permission",
  "pk": 40,
  "fields": {
    "name": "Can change uploaded document",
    "content_type": [
      "wagtaildocs",
      "uploadeddocument"
    ],
    "codename": "change_uploadeddocument"
  }
},
{
  "model": "auth.permission",
  "pk": 41,
  "fields": {
    "name": "Can delete uploaded document",
    "content_type": [
      "wagtaildocs",
      "uploadeddocument"
    ],
    "codename": "delete_uploadeddocument"
  }
},
{
  "model": "auth.permission",
  "pk": 42,
  "fields": {
    "name": "Can view uploaded document",
    "content_type": [
      "wagtaildocs",
      "uploadeddocument"
    ],
    "codename": "view_uploadeddocument"
  }
},
{
  "model": "auth.permission",
  "pk": 43,
  "fields": {
    "name": "Can view image",
    "content_type": [
      "wagtailimages",
      "image"
    ],
    "codename": "view_image"
  }
},
{
  "model": "auth.permission",
  "pk": 44,
  "fields": {
    "name": "Can add rendition",
    "content_type": [
      "wagtailimages",
      "rendition"
    ],
    "codename": "add_rendition"
  }
},
{
  "model": "auth.permission",
  "pk": 45,
  "fields": {
    "name": "Can change rendition",
    "content_type": [
      "wagtailimages",
      "rendition"
    ],
    "codename": "change_rendition"
  }
},
{
  "model": "auth.permission",
  "pk": 46,
  "fields": {
    "name": "Can delete rendition",
    "content_type": [
      "wagtailimages",
      "rendition"
    ],
    "codename": "delete_rendition"
  }
},
{
  "model": "auth.permission",
  "pk": 47,
  "fields": {
    "name": "Can view rendition",
    "content_type": [
      "wagtailimages",
      "rendition"
    ],
    "codename": "view_rendition"
  }
},
{
  "model": "auth.permission",
  "pk": 48,
  "fields": {
    "name": "Can add uploaded image",
    "content_type": [
      "wagtailimages",
      "uploadedimage"
    ],
    "codename": "add_uploadedimage"
  }
},
{
  "model": "auth.permission",
  "pk": 49,
  "fields": {
    "name": "Can change uploaded image",
    "content_type": [
      "wagtailimages",
      "uploadedimage"
    ],
    "codename": "change_uploadedimage"
  }
},
{
  "model": "auth.permission",
  "pk": 50,
  "fields": {
    "name": "Can delete uploaded image",
    "content_type": [
      "wagtailimages",
      "uploadedimage"
    ],
    "codename": "delete_uploadedimage"
  }
},
{
  "model": "auth.permission",
  "pk": 51,
  "fields": {
    "name": "Can view uploaded image",
    "content_type": [
      "wagtailimages",
      "uploadedimage"
    ],
    "codename": "view_uploadedimage"
  }
},
{
  "model": "auth.permission",
  "pk": 52,
  "fields": {
    "name": "Can add query",
    "content_type": [
      "wagtailsearch",
      "query"
    ],
    "codename": "add_query"
  }
},
{
  "model": "auth.permission",
  "pk": 53,
  "fields": {
    "name": "Can change query",
    "content_type": [
      "wagtailsearch",
      "query"
    ],
    "codename": "change_query"
  }
},
{
  "model": "auth.permission",
  "pk": 54,
  "fields": {
    "name": "Can delete query",
    "content_type": [
      "wagtailsearch",
      "query"
    ],
    "codename": "delete_query"
  }
},
{
  "model": "auth.permission",
  "pk": 55,
  "fields": {
    "name": "Can view query",
    "content_type": [
      "wagtailsearch",
      "query"
    ],
    "codename": "view_query"
  }
},
{
  "model": "auth.permission",
  "pk": 56,
  "fields": {
    "name": "Can add Query Daily Hits",
    "content_type": [
      "wagtailsearch",
      "querydailyhits"
    ],
    "codename": "add_querydailyhits"
  }
},
{
  "model": "auth.permission",
  "pk": 57,
  "fields": {
    "name": "Can change Query Daily Hits",
    "content_type": [
      "wagtailsearch",
      "querydailyhits"
    ],
    "codename": "change_querydailyhits"
  }
},
{
  "model": "auth.permission",
  "pk": 58,
  "fields": {
    "name": "Can delete Query Daily Hits",
    "content_type": [
      "wagtailsearch",
      "querydailyhits"
    ],
    "codename": "delete_querydailyhits"
  }
},
{
  "model": "auth.permission",
  "pk": 59,
  "fields": {
    "name": "Can view Query Daily Hits",
    "content_type": [
      "wagtailsearch",
      "querydailyhits"
    ],
    "codename": "view_querydailyhits"
  }
},
{
  "model": "auth.permission",
  "pk": 60,
  "fields": {
    "name": "Can add index entry",
    "content_type": [
      "wagtailsearch",
      "indexentry"
    ],
    "codename": "add_indexentry"
  }
},
{
  "model": "auth.permission",
  "pk": 61,
  "fields": {
    "name": "Can change index entry",
    "content_type": [
      "wagtailsearch",
      "indexentry"
    ],
    "codename": "change_indexentry"
  }
},
{
  "model": "auth.permission",
  "pk": 62,
  "fields": {
    "name": "Can delete index entry",
    "content_type": [
      "wagtailsearch",
      "indexentry"
    ],
    "codename": "delete_indexentry"
  }
},
{
  "model": "auth.permission",
  "pk": 63,
  "fields": {
    "name": "Can view index entry",
    "content_type": [
      "wagtailsearch",
      "indexentry"
    ],
    "codename": "view_indexentry"
  }
},
{
  "model": "auth.permission",
  "pk": 64,
  "fields": {
    "name": "Can add sqliteftsindexentry",
    "content_type": [
      "wagtailsearch",
      "sqliteftsindexentry"
    ],
    "codename": "add_sqliteftsindexentry"
  }
},
{
  "model": "auth.permission",
  "pk": 65,
  "fields": {
    "name": "Can change sqliteftsindexentry",
    "content_type": [
      "wagtailsearch",
      "sqliteftsindexentry"
    ],
    "codename": "change_sqliteftsindexentry"
  }
},
{
  "model": "auth.permission",
  "pk": 66,
  "fields": {
    "name": "Can delete sqliteftsindexentry",
    "content_type": [
      "wagtailsearch",
      "sqliteftsindexentry"
    ],
    "codename": "delete_sqliteftsindexentry"
  }
},
{
  "model": "auth.permission",
  "pk": 67,
  "fields": {
    "name": "Can view sqliteftsindexentry",
    "content_type": [
      "wagtailsearch",
      "sqliteftsindexentry"
    ],
    "codename": "view_sqliteftsindexentry"
  }
},
{
  "model": "auth.permission",
  "pk": 68,
  "fields": {
    "name": "Can add page",
    "content_type": [
      "wagtailcore",
      "page"
    ],
    "codename": "add_page"
  }
},
{
  "model": "auth.permission",
  "pk": 69,
  "fields": {
    "name": "Can change page",
    "content_type": [
      "wagtailcore",
      "page"
    ],
    "codename": "change_page"
  }
},
{
  "model": "auth.permission",
  "pk": 70,
  "fields": {
    "name": "Can delete page",
    "content_type": [
      "wagtailcore",
      "page"
    ],
    "codename": "delete_page"
  }
},
{
  "model": "auth.permission",
  "pk": 71,
  "fields": {
    "name": "Can view page",
    "content_type": [
      "wagtailcore",
      "page"
    ],
    "codename": "view_page"
  }
},
{
  "model": "auth.permission",
  "pk": 72,
  "fields": {
    "name": "Can add group page permission",
    "content_type": [
      "wagtailcore",
      "grouppagepermission"
    ],
    "codename": "add_grouppagepermission"
  }
},
{
  "model": "auth.permission",
  "pk": 73,
  "fields": {
    "name": "Can change group page permission",
    "content_type": [
      "wagtailcore",
      "grouppagepermission"
    ],
    "codename": "change_grouppagepermission"
  }
},
{
  "model": "auth.permission",
  "pk": 74,
  "fields": {
    "name": "Can delete group page permission",
    "content_type": [
      "wagtailcore",
      "grouppagepermission"
    ],
    "codename": "delete_grouppagepermission"
  }
},
{
  "model": "auth.permission",
  "pk": 75,
  "fields": {
    "name": "Can view group page permission",
    "content_type": [
      "wagtailcore",
      "grouppagepermission"
    ],
    "codename": "view_grouppagepermission"
  }
},
{
  "model": "auth.permission",
  "pk": 76,
  "fields": {
    "name": "Can add page view restriction",
    "content_type": [
      "wagtailcore",
      "pageviewrestriction"
    ],
    "codename": "add_pageviewrestriction"
  }
},
{
  "model": "auth.permission",
  "pk": 77,
  "fields": {
    "name": "Can change page view restriction",
    "content_type": [
      "wagtailcore",
      "pageviewrestriction"
    ],
    "codename": "change_pageviewrestriction"
  }
},
{
  "model": "auth.permission",
  "pk": 78,
  "fields": {
    "name": "Can delete page view restriction",
    "content_type": [
      "wagtailcore",
      "pageviewrestriction"
    ],
    "codename": "delete_pageviewrestriction"
  }
},
{
  "model": "auth.permission",
  "pk": 79,
  "fields": {
    "name": "Can view page view restriction",
    "content_type": [
      "wagtailcore",
      "pageviewrestriction"
    ],
    "codename": "view_pageviewrestriction"
  }
},
{
  "model": "auth.permission",
  "pk": 80,
  "fields": {
    "name": "Can add site",
    "content_type": [
      "wagtailcore",
      "site"
    ],
    "codename": "add_site"
  }
},
{
  "model": "auth.permission",
  "pk": 81,
  "fields": {
    "name": "Can change site",
    "content_type": [
      "wagtailcore",
      "site"
    ],
    "codename": "change_site"
  }
},
{
  "model": "auth.permission",
  "pk": 82,
  "fields": {
    "name": "Can delete site",
    "content_type": [
      "wagtailcore",
      "site"
    ],
    "codename": "delete_site"
  }
},
{
  "model": "auth.permission",
  "pk": 83,
  "fields": {
    "name": "Can view site",
    "content_type": [
      "wagtailcore",
      "site"
    ],
    "codename": "view_site"
  }
},
{
  "model": "auth.permission",
  "pk": 84,
  "fields": {
    "name": "Can add collection",
    "content_type": [
      "wagtailcore",
      "collection"
    ],
    "codename": "add_collection"
  }
},
{
  "model": "auth.permission",
  "pk": 85,
  "fields": {
    "name": "Can change collection",
    "content_type": [
      "wagtailcore",
      "collection"
    ],
    "codename": "change_collection"
  }
},
{
  "model": "auth.permission",
  "pk": 86,
  "fields": {
    "name": "Can delete collection",
    "content_type": [
      "wagtailcore",
      "collection"
    ],
    "codename": "delete_collection"
  }
},
{
  "model": "auth.permission",
  "pk": 87,
  "fields": {
    "name": "Can view collection",
    "content_type": [
      "wagtailcore",
      "collection"
    ],
    "codename": "view_collection"
  }
},
{
  "model": "auth.permission",
  "pk": 88,
  "fields": {
    "name": "Can add group collection permission",
    "content_type": [
      "wagtailcore",
      "groupcollectionpermission"
    ],
    "codename": "add_groupcollectionpermission"
  }
},
{
  "model": "auth.permission",
  "pk": 89,
  "fields": {
    "name": "Can change group collection permission",
    "content_type": [
      "wagtailcore",
      "groupcollectionpermission"
    ],
    "codename": "change_groupcollectionpermission"
  }
},
{
  "model": "auth.permission",
  "pk": 90,
  "fields": {
    "name": "Can delete group collection permission",
    "content_type": [
      "wagtailcore",
      "groupcollectionpermission"
    ],
    "codename": "delete_groupcollectionpermission"
  }
},
{
  "model": "auth.permission",
  "pk": 91,
  "fields": {
    "name": "Can view group collection permission",
    "content_type": [
      "wagtailcore",
      "groupcollectionpermission"
    ],
    "codename": "view_groupcollectionpermission"
  }
},
{
  "model": "auth.permission",
  "pk": 92,
  "fields": {
    "name": "Can add collection view restriction",
    "content_type": [
      "wagtailcore",
      "collectionviewrestriction"
    ],
    "codename": "add_collectionviewrestriction"
  }
},
{
  "model": "auth.permission",
  "pk": 93,
  "fields": {
    "name": "Can change collection view restriction",
    "content_type": [
      "wagtailcore",
      "collectionviewrestriction"
    ],
    "codename": "change_collectionviewrestriction"
  }
},
{
  "model": "auth.permission",
  "pk": 94,
  "fields": {
    "name": "Can delete collection view restriction",
    "content_type": [
      "wagtailcore",
      "collectionviewrestriction"
    ],
    "codename": "delete_collectionviewrestriction"
  }
},
{
  "model": "auth.permission",
  "pk": 95,
  "fields": {
    "name": "Can view collection view restriction",
    "content_type": [
      "wagtailcore",
      "collectionviewrestriction"
    ],
    "codename": "view_collectionviewrestriction"
  }
},
{
  "model": "auth.permission",
  "pk": 96,
  "fields": {
    "name": "Can add task",
    "content_type": [
      "wagtailcore",
      "task"
    ],
    "codename": "add_task"
  }
},
{
  "model": "auth.permission",
  "pk": 97,
  "fields": {
    "name": "Can change task",
    "content_type": [
      "wagtailcore",
      "task"
    ],
    "codename": "change_task"
  }
},
{
  "model": "auth.permission",
  "pk": 98,
  "fields": {
    "name": "Can delete task",
    "content_type": [
      "wagtailcore",
      "task"
    ],
    "codename": "delete_task"
  }
},
{
  "model": "auth.permission",
  "pk": 99,
  "fields": {
    "name": "Can view task",
    "content_type": [
      "wagtailcore",
      "task"
    ],
    "codename": "view_task"
  }
},
{
  "model": "auth.permission",
  "pk": 100,
  "fields": {
    "name": "Can add Task state",
    "content_type": [
      "wagtailcore",
      "taskstate"
    ],
    "codename": "add_taskstate"
  }
},
{
  "model": "auth.permission",
  "pk": 101,
  "fields": {
    "name": "Can change Task state",
    "content_type": [
      "wagtailcore",
      "taskstate"
    ],
    "codename": "change_taskstate"
  }
},
{
  "model": "auth.permission",
  "pk": 102,
  "fields": {
    "name": "Can delete Task state",
    "content_type": [
      "wagtailcore",
      "taskstate"
    ],
    "codename": "delete_taskstate"
  }
},
{
  "model": "auth.permission",
  "pk": 103,
  "fields": {
    "name": "Can view Task state",
    "content_type": [
      "wagtailcore",
      "taskstate"
    ],
    "codename": "view_taskstate"
  }
},
{
  "model": "auth.permission",
  "pk": 104,
  "fields": {
    "name": "Can add workflow",
    "content_type": [
      "wagtailcore",
      "workflow"
    ],
    "codename": "add_workflow"
  }
},
{
  "model": "auth.permission",
  "pk": 105,
  "fields": {
    "name": "Can change workflow",
    "content_type": [
      "wagtailcore",
      "workflow"
    ],
    "codename": "change_workflow"
  }
},
{
  "model": "auth.permission",
  "pk": 106,
  "fields": {
    "name": "Can delete workflow",
    "content_type": [
      "wagtailcore",
      "workflow"
    ],
    "codename": "delete_workflow"
  }
},
{
  "model": "auth.permission",
  "pk": 107,
  "fields": {
    "name": "Can view workflow",
    "content_type": [
      "wagtailcore",
      "workflow"
    ],
    "codename": "view_workflow"
  }
},
{
  "model": "auth.permission",
  "pk": 108,
  "fields": {
    "name": "Can add Group approval task",
    "content_type": [
      "wagtailcore",
      "groupapprovaltask"
    ],
    "codename": "add_groupapprovaltask"
  }
},
{
  "model": "auth.permission",
  "pk": 109,
  "fields": {
    "name": "Can change Group approval task",
    "content_type": [
      "wagtailcore",
      "groupapprovaltask"
    ],
    "codename": "change_groupapprovaltask"
  }
},
{
  "model": "auth.permission",
  "pk": 110,
  "fields": {
    "name": "Can delete Group approval task",
    "content_type": [
      "wagtailcore",
      "groupapprovaltask"
    ],
    "codename": "delete_groupapprovaltask"
  }
},
{
  "model": "auth.permission",
  "pk": 111,
  "fields": {
    "name": "Can view Group approval task",
    "content_type": [
      "wagtailcore",
      "groupapprovaltask"
    ],
    "codename": "view_groupapprovaltask"
  }
},
{
  "model": "auth.permission",
  "pk": 112,
  "fields": {
    "name": "Can add Workflow state",
    "content_type": [
      "wagtailcore",
      "workflowstate"
    ],
    "codename": "add_workflowstate"
  }
},
{
  "model": "auth.permission",
  "pk": 113,
  "fields": {
    "name": "Can change Workflow state",
    "content_type": [
      "wagtailcore",
      "workflowstate"
    ],
    "codename": "change_workflowstate"
  }
},
{
  "model": "auth.permission",
  "pk": 114,
  "fields": {
    "name": "Can delete Workflow state",
    "content_type": [
      "wagtailcore",
      "workflowstate"
    ],
    "codename": "delete_workflowstate"
  }
},
{
  "model": "auth.permission",
  "pk": 115,
  "fields": {
    "name": "Can view Workflow state",
    "content_type": [
      "wagtailcore",
      "workflowstate"
    ],
    "codename": "view_workflowstate"
  }
},
{
  "model": "auth.permission",
  "pk": 116,
  "fields": {
    "name": "Can add workflow page",
    "content_type": [
      "wagtailcore",
      "workflowpage"
    ],
    "codename": "add_workflowpage"
  }
},
{
  "model": "auth.permission",
  "pk": 117,
  "fields": {
    "name": "Can change workflow page",
    "content_type": [
      "wagtailcore",
      "workflowpage"
    ],
    "codename": "change_workflowpage"
  }
},
{
  "model": "auth.permission",
  "pk": 118,
  "fields": {
    "name": "Can delete workflow page",
    "content_type": [
      "wagtailcore",
      "workflowpage"
    ],
    "codename": "delete_workflowpage"
  }
},
{
  "model": "auth.permission",
  "pk": 119,
  "fields": {
    "name": "Can view workflow page",
    "content_type": [
      "wagtailcore",
      "workflowpage"
    ],
    "codename": "view_workflowpage"
  }
},
{
  "model": "auth.permission",
  "pk": 120,
  "fields": {
    "name": "Can add workflow task order",
    "content_type": [
      "wagtailcore",
      "workflowtask"
    ],
    "codename": "add_workflowtask"
  }
},
{
  "model": "auth.permission",
  "pk": 121,
  "fields": {
    "name": "Can change workflow task order",
    "content_type": [
      "wagtailcore",
      "workflowtask"
    ],
    "codename": "change_workflowtask"
  }
},
{
  "model": "auth.permission",
  "pk": 122,
  "fields": {
    "name": "Can delete workflow task order",
    "content_type": [
      "wagtailcore",
      "workflowtask"
    ],
    "codename": "delete_workflowtask"
  }
},
{
  "model": "auth.permission",
  "pk": 123,
  "fields": {
    "name": "Can view workflow task order",
    "content_type": [
      "wagtailcore",
      "workflowtask"
    ],
    "codename": "view_workflowtask"
  }
},
{
  "model": "auth.permission",
  "pk": 124,
  "fields": {
    "name": "Can add page log entry",
    "content_type": [
      "wagtailcore",
      "pagelogentry"
    ],
    "codename": "add_pagelogentry"
  }
},
{
  "model": "auth.permission",
  "pk": 125,
  "fields": {
    "name": "Can change page log entry",
    "content_type": [
      "wagtailcore",
      "pagelogentry"
    ],
    "codename": "change_pagelogentry"
  }
},
{
  "model": "auth.permission",
  "pk": 126,
  "fields": {
    "name": "Can delete page log entry",
    "content_type": [
      "wagtailcore",
      "pagelogentry"
    ],
    "codename": "delete_pagelogentry"
  }
},
{
  "model": "auth.permission",
  "pk": 127,
  "fields": {
    "name": "Can view page log entry",
    "content_type": [
      "wagtailcore",
      "pagelogentry"
    ],
    "codename": "view_pagelogentry"
  }
},
{
  "model": "auth.permission",
  "pk": 128,
  "fields": {
    "name": "Can add locale",
    "content_type": [
      "wagtailcore",
      "locale"
    ],
    "codename": "add_locale"
  }
},
{
  "model": "auth.permission",
  "pk": 129,
  "fields": {
    "name": "Can change locale",
    "content_type": [
      "wagtailcore",
      "locale"
    ],
    "codename": "change_locale"
  }
},
{
  "model": "auth.permission",
  "pk": 130,
  "fields": {
    "name": "Can delete locale",
    "content_type": [
      "wagtailcore",
      "locale"
    ],
    "codename": "delete_locale"
  }
},
{
  "model": "auth.permission",
  "pk": 131,
  "fields": {
    "name": "Can view locale",
    "content_type": [
      "wagtailcore",
      "locale"
    ],
    "codename": "view_locale"
  }
},
{
  "model": "auth.permission",
  "pk": 132,
  "fields": {
    "name": "Can add comment",
    "content_type": [
      "wagtailcore",
      "comment"
    ],
    "codename": "add_comment"
  }
},
{
  "model": "auth.permission",
  "pk": 133,
  "fields": {
    "name": "Can change comment",
    "content_type": [
      "wagtailcore",
      "comment"
    ],
    "codename": "change_comment"
  }
},
{
  "model": "auth.permission",
  "pk": 134,
  "fields": {
    "name": "Can delete comment",
    "content_type": [
      "wagtailcore",
      "comment"
    ],
    "codename": "delete_comment"
  }
},
{
  "model": "auth.permission",
  "pk": 135,
  "fields": {
    "name": "Can view comment",
    "content_type": [
      "wagtailcore",
      "comment"
    ],
    "codename": "view_comment"
  }
},
{
  "model": "auth.permission",
  "pk": 136,
  "fields": {
    "name": "Can add comment reply",
    "content_type": [
      "wagtailcore",
      "commentreply"
    ],
    "codename": "add_commentreply"
  }
},
{
  "model": "auth.permission",
  "pk": 137,
  "fields": {
    "name": "Can change comment reply",
    "content_type": [
      "wagtailcore",
      "commentreply"
    ],
    "codename": "change_commentreply"
  }
},
{
  "model": "auth.permission",
  "pk": 138,
  "fields": {
    "name": "Can delete comment reply",
    "content_type": [
      "wagtailcore",
      "commentreply"
    ],
    "codename": "delete_commentreply"
  }
},
{
  "model": "auth.permission",
  "pk": 139,
  "fields": {
    "name": "Can view comment reply",
    "content_type": [
      "wagtailcore",
      "commentreply"
    ],
    "codename": "view_commentreply"
  }
},
{
  "model": "auth.permission",
  "pk": 140,
  "fields": {
    "name": "Can add page subscription",
    "content_type": [
      "wagtailcore",
      "pagesubscription"
    ],
    "codename": "add_pagesubscription"
  }
},
{
  "model": "auth.permission",
  "pk": 141,
  "fields": {
    "name": "Can change page subscription",
    "content_type": [
      "wagtailcore",
      "pagesubscription"
    ],
    "codename": "change_pagesubscription"
  }
},
{
  "model": "auth.permission",
  "pk": 142,
  "fields": {
    "name": "Can delete page subscription",
    "content_type": [
      "wagtailcore",
      "pagesubscription"
    ],
    "codename": "delete_pagesubscription"
  }
},
{
  "model": "auth.permission",
  "pk": 143,
  "fields": {
    "name": "Can view page subscription",
    "content_type": [
      "wagtailcore",
      "pagesubscription"
    ],
    "codename": "view_pagesubscription"
  }
},
{
  "model": "auth.permission",
  "pk": 144,
  "fields": {
    "name": "Can add model log entry",
    "content_type": [
      "wagtailcore",
      "modellogentry"
    ],
    "codename": "add_modellogentry"
  }
},
{
  "model": "auth.permission",
  "pk": 145,
  "fields": {
    "name": "Can change model log entry",
    "content_type": [
      "wagtailcore",
      "modellogentry"
    ],
    "codename": "change_modellogentry"
  }
},
{
  "model": "auth.permission",
  "pk": 146,
  "fields": {
    "name": "Can delete model log entry",
    "content_type": [
      "wagtailcore",
      "modellogentry"
    ],
    "codename": "delete_modellogentry"
  }
},
{
  "model": "auth.permission",
  "pk": 147,
  "fields": {
    "name": "Can view model log entry",
    "content_type": [
      "wagtailcore",
      "modellogentry"
    ],
    "codename": "view_modellogentry"
  }
},
{
  "model": "auth.permission",
  "pk": 148,
  "fields": {
    "name": "Can add revision",
    "content_type": [
      "wagtailcore",
      "revision"
    ],
    "codename": "add_revision"
  }
},
{
  "model": "auth.permission",
  "pk": 149,
  "fields": {
    "name": "Can change revision",
    "content_type": [
      "wagtailcore",
      "revision"
    ],
    "codename": "change_revision"
  }
},
{
  "model": "auth.permission",
  "pk": 150,
  "fields": {
    "name": "Can delete revision",
    "content_type": [
      "wagtailcore",
      "revision"
    ],
    "codename": "delete_revision"
  }
},
{
  "model": "auth.permission",
  "pk": 151,
  "fields": {
    "name": "Can view revision",
    "content_type": [
      "wagtailcore",
      "revision"
    ],
    "codename": "view_revision"
  }
},
{
  "model": "auth.permission",
  "pk": 152,
  "fields": {
    "name": "Can add tag",
    "content_type": [
      "taggit",
      "tag"
    ],
    "codename": "add_tag"
  }
},
{
  "model": "auth.permission",
  "pk": 153,
  "fields": {
    "name": "Can change tag",
    "content_type": [
      "taggit",
      "tag"
    ],
    "codename": "change_tag"
  }
},
{
  "model": "auth.permission",
  "pk": 154,
  "fields": {
    "name": "Can delete tag",
    "content_type": [
      "taggit",
      "tag"
    ],
    "codename": "delete_tag"
  }
},
{
  "model": "auth.permission",
  "pk": 155,
  "fields": {
    "name": "Can view tag",
    "content_type": [
      "taggit",
      "tag"
    ],
    "codename": "view_tag"
  }
},
{
  "model": "auth.permission",
  "pk": 156,
  "fields": {
    "name": "Can add tagged item",
    "content_type": [
      "taggit",
      "taggeditem"
    ],
    "codename": "add_taggeditem"
  }
},
{
  "model": "auth.permission",
  "pk": 157,
  "fields": {
    "name": "Can change tagged item",
    "content_type": [
      "taggit",
      "taggeditem"
    ],
    "codename": "change_taggeditem"
  }
},
{
  "model": "auth.permission",
  "pk": 158,
  "fields": {
    "name": "Can delete tagged item",
    "content_type": [
      "taggit",
      "taggeditem"
    ],
    "codename": "delete_taggeditem"
  }
},
{
  "model": "auth.permission",
  "pk": 159,
  "fields": {
    "name": "Can view tagged item",
    "content_type": [
      "taggit",
      "taggeditem"
    ],
    "codename": "view_taggeditem"
  }
},
{
  "model": "auth.permission",
  "pk": 160,
  "fields": {
    "name": "Can add log entry",
    "content_type": [
      "admin",
      "logentry"
    ],
    "codename": "add_logentry"
  }
},
{
  "model": "auth.permission",
  "pk": 161,
  "fields": {
    "name": "Can change log entry",
    "content_type": [
      "admin",
      "logentry"
    ],
    "codename": "change_logentry"
  }
},
{
  "model": "auth.permission",
  "pk": 162,
  "fields": {
    "name": "Can delete log entry",
    "content_type": [
      "admin",
      "logentry"
    ],
    "codename": "delete_logentry"
  }
},
{
  "model": "auth.permission",
  "pk": 163,
  "fields": {
    "name": "Can view log entry",
    "content_type": [
      "admin",
      "logentry"
    ],
    "codename": "view_logentry"
  }
},
{
  "model": "auth.permission",
  "pk": 164,
  "fields": {
    "name": "Can add permission",
    "content_type": [
      "auth",
      "permission"
    ],
    "codename": "add_permission"
  }
},
{
  "model": "auth.permission",
  "pk": 165,
  "fields": {
    "name": "Can change permission",
    "content_type": [
      "auth",
      "permission"
    ],
    "codename": "change_permission"
  }
},
{
  "model": "auth.permission",
  "pk": 166,
  "fields": {
    "name": "Can delete permission",
    "content_type": [
      "auth",
      "permission"
    ],
    "codename": "delete_permission"
  }
},
{
  "model": "auth.permission",
  "pk": 167,
  "fields": {
    "name": "Can view permission",
    "content_type": [
      "auth",
      "permission"
    ],
    "codename": "view_permission"
  }
},
{
  "model": "auth.permission",
  "pk": 168,
  "fields": {
    "name": "Can add group",
    "content_type": [
      "auth",
      "group"
    ],
    "codename": "add_group"
  }
},
{
  "model": "auth.permission",
  "pk": 169,
  "fields": {
    "name": "Can change group",
    "content_type": [
      "auth",
      "group"
    ],
    "codename": "change_group"
  }
},
{
  "model": "auth.permission",
  "pk": 170,
  "fields": {
    "name": "Can delete group",
    "content_type": [
      "auth",
      "group"
    ],
    "codename": "delete_group"
  }
},
{
  "model": "auth.permission",
  "pk": 171,
  "fields": {
    "name": "Can view group",
    "content_type": [
      "auth",
      "group"
    ],
    "codename": "view_group"
  }
},
{
  "model": "auth.permission",
  "pk": 172,
  "fields": {
    "name": "Can add user",
    "content_type": [
      "auth",
      "user"
    ],
    "codename": "add_user"
  }
},
{
  "model": "auth.permission",
  "pk": 173,
  "fields": {
    "name": "Can change user",
    "content_type": [
      "auth",
      "user"
    ],
    "codename": "change_user"
  }
},
{
  "model": "auth.permission",
  "pk": 174,
  "fields": {
    "name": "Can delete user",
    "content_type": [
      "auth",
      "user"
    ],
    "codename": "delete_user"
  }
},
{
  "model": "auth.permission",
  "pk": 175,
  "fields": {
    "name": "Can view user",
    "content_type": [
      "auth",
      "user"
    ],
    "codename": "view_user"
  }
},
{
  "model": "auth.permission",
  "pk": 176,
  "fields": {
    "name": "Can add content type",
    "content_type": [
      "contenttypes",
      "contenttype"
    ],
    "codename": "add_contenttype"
  }
},
{
  "model": "auth.permission",
  "pk": 177,
  "fields": {
    "name": "Can change content type",
    "content_type": [
      "contenttypes",
      "contenttype"
    ],
    "codename": "change_contenttype"
  }
},
{
  "model": "auth.permission",
  "pk": 178,
  "fields": {
    "name": "Can delete content type",
    "content_type": [
      "contenttypes",
      "contenttype"
    ],
    "codename": "delete_contenttype"
  }
},
{
  "model": "auth.permission",
  "pk": 179,
  "fields": {
    "name": "Can view content type",
    "content_type": [
      "contenttypes",
      "contenttype"
    ],
    "codename": "view_contenttype"
  }
},
{
  "model": "auth.permission",
  "pk": 180,
  "fields": {
    "name": "Can add session",
    "content_type": [
      "sessions",
      "session"
    ],
    "codename": "add_session"
  }
},
{
  "model": "auth.permission",
  "pk": 181,
  "fields": {
    "name": "Can change session",
    "content_type": [
      "sessions",
      "session"
    ],
    "codename": "change_session"
  }
},
{
  "model": "auth.permission",
  "pk": 182,
  "fields": {
    "name": "Can delete session",
    "content_type": [
      "sessions",
      "session"
    ],
    "codename": "delete_session"
  }
},
{
  "model": "auth.permission",
  "pk": 183,
  "fields": {
    "name": "Can view session",
    "content_type": [
      "sessions",
      "session"
    ],
    "codename": "view_session"
  }
},
{
  "model": "wagtailcore.task",
  "pk": 1,
  "fields": {
    "name": "Moderators approval",
    "content_type": [
      "wagtailcore",
      "groupapprovaltask"
    ],
    "active": true
  }
},
{
  "model": "auth.group",
  "pk": 1,
  "fields": {
    "name": "Moderators",
    "permissions": [
      [
        "access_admin",
        "wagtailadmin",
        "admin"
      ],
      [
        "add_document",
        "wagtaildocs",
        "document"
      ],
      [
        "change_document",
        "wagtaildocs",
        "document"
      ],
      [
        "choose_document",
        "wagtaildocs",
        "document"
      ],
      [
        "delete_document",
        "wagtaildocs",
        "document"
      ],
      [
        "add_image",
        "wagtailimages",
        "image"
      ],
      [
        "change_image",
        "wagtailimages",
        "image"
      ],
      [
        "choose_image",
        "wagtailimages",
        "image"
      ],
      [
        "delete_image",
        "wagtailimages",
        "image"
      ]
    ]
  }
},
{
  "model": "auth.group",
  "pk": 2,
  "fields": {
    "name": "Editors",
    "permissions": [
      [
        "access_admin",
        "wagtailadmin",
        "admin"
      ],
      [
        "add_document",
        "wagtaildocs",
        "document"
      ],
      [
        "change_document",
        "wagtaildocs",
        "document"
      ],
      [
        "choose_document",
        "wagtaildocs",
        "document"
      ],
      [
        "delete_document",
        "wagtaildocs",
        "document"
      ],
      [
        "add_image",
        "wagtailimages",
        "image"
      ],
      [
        "change_image",
        "wagtailimages",
        "image"
      ],
      [
        "choose_image",
        "wagtailimages",
        "image"
      ],
      [
        "delete_image",
        "wagtailimages",
        "image"
      ]
    ]
  }
},
{
  "model": "auth.user",
  "pk": 1,
  "fields": {
    "password": "pbkdf2_sha256$390000$LfOMLbJLvopdO5NUiZH21s$5TQ4tHig4mQHEEJX6kBv9uGFCkC4X2krhME782LwUrA=",
    "last_login": "2022-10-23T21:11:07.170Z",
    "is_superuser": true,
    "username": "admin",
    "first_name": "",
    "last_name": "",
    "email": "",
    "is_staff": true,
    "is_active": true,
    "date_joined": "2022-10-23T21:10:46.650Z",
    "groups": [],
    "user_permissions": []
  }
},
{
  "model": "wagtailcore.pagesubscription",
  "pk": 1,
  "fields": {
    "user": [
      "admin"
    ],
    "page": 9,
    "comment_notifications": true
  }
},
{
  "model": "wagtailcore.pagesubscription",
  "pk": 2,
  "fields": {
    "user": [
      "admin"
    ],
    "page": 10,
    "comment_notifications": true
  }
},
{
  "model": "wagtailcore.pagesubscription",
  "pk": 3,
  "fields": {
    "user": [
      "admin"
    ],
    "page": 11,
    "comment_notifications": true
  }
},
{
  "model": "wagtailcore.pagesubscription",
  "pk": 4,
  "fields": {
    "user": [
      "admin"
    ],
    "page": 12,
    "comment_notifications": true
  }
},
{
  "model": "wagtailcore.pagesubscription",
  "pk": 5,
  "fields": {
    "user": [
      "admin"
    ],
    "page": 13,
    "comment_notifications": true
  }
},
{
  "model": "wagtailcore.pagesubscription",
  "pk": 6,
  "fields": {
    "user": [
      "admin"
    ],
    "page": 14,
    "comment_notifications": true
  }
},
{
  "model": "wagtailcore.pagesubscription",
  "pk": 7,
  "fields": {
    "user": [
      "admin"
    ],
    "page": 15,
    "comment_notifications": true
  }
},
{
  "model": "wagtailcore.pagesubscription",
  "pk": 8,
  "fields": {
    "user": [
      "admin"
    ],
    "page": 16,
    "comment_notifications": true
  }
},
{
  "model": "wagtailcore.pagesubscription",
  "pk": 9,
  "fields": {
    "user": [
      "admin"
    ],
    "page": 17,
    "comment_notifications": true
  }
},
{
  "model": "wagtailcore.pagesubscription",
  "pk": 10,
  "fields": {
    "user": [
      "admin"
    ],
    "page": 18,
    "comment_notifications": true
  }
},
{
  "model": "wagtailcore.pagesubscription",
  "pk": 11,
  "fields": {
    "user": [
      "admin"
    ],
    "page": 19,
    "comment_notifications": true
  }
},
{
  "model": "wagtailcore.pagesubscription",
  "pk": 12,
  "fields": {
    "user": [
      "admin"
    ],
    "page": 20,
    "comment_notifications": true
  }
},
{
  "model": "wagtailcore.pagesubscription",
  "pk": 13,
  "fields": {
    "user": [
      "admin"
    ],
    "page": 21,
    "comment_notifications": true
  }
},
{
  "model": "wagtailcore.pagesubscription",
  "pk": 14,
  "fields": {
    "user": [
      "admin"
    ],
    "page": 22,
    "comment_notifications": true
  }
},
{
  "model": "wagtailcore.pagesubscription",
  "pk": 15,
  "fields": {
    "user": [
      "admin"
    ],
    "page": 23,
    "comment_notifications": true
  }
},
{
  "model": "wagtailcore.pagesubscription",
  "pk": 16,
  "fields": {
    "user": [
      "admin"
    ],
    "page": 24,
    "comment_notifications": true
  }
},
{
  "model": "wagtailcore.pagesubscription",
  "pk": 17,
  "fields": {
    "user": [
      "admin"
    ],
    "page": 25,
    "comment_notifications": true
  }
},
{
  "model": "wagtailcore.pagesubscription",
  "pk": 18,
  "fields": {
    "user": [
      "admin"
    ],
    "page": 26,
    "comment_notifications": true
  }
},
{
  "model": "wagtailcore.pagesubscription",
  "pk": 19,
  "fields": {
    "user": [
      "admin"
    ],
    "page": 27,
    "comment_notifications": true
  }
},
{
  "model": "wagtailcore.pagesubscription",
  "pk": 20,
  "fields": {
    "user": [
      "admin"
    ],
    "page": 28,
    "comment_notifications": true
  }
},
{
  "model": "wagtailcore.pagesubscription",
  "pk": 21,
  "fields": {
    "user": [
      "admin"
    ],
    "page": 29,
    "comment_notifications": true
  }
},
{
  "model": "wagtailcore.pagelogentry",
  "pk": 1,
  "fields": {
    "content_type": [
      "test",
      "tourpage"
    ],
    "label": "Restaurant",
    "action": "wagtail.create",
    "data": {},
    "timestamp": "2022-10-23T21:10:52.007Z",
    "uuid": null,
    "user": null,
    "revision": null,
    "content_changed": true,
    "deleted": false,
    "page": 3
  }
},
{
  "model": "wagtailcore.pagelogentry",
  "pk": 2,
  "fields": {
    "content_type": [
      "test",
      "tourpage"
    ],
    "label": "Restaurant",
    "action": "wagtail.publish",
    "data": {},
    "timestamp": "2022-10-23T21:10:52.062Z",
    "uuid": null,
    "user": null,
    "revision": 1,
    "content_changed": true,
    "deleted": false,
    "page": 3
  }
},
{
  "model": "wagtailcore.pagelogentry",
  "pk": 3,
  "fields": {
    "content_type": [
      "test",
      "tourpage"
    ],
    "label": "Cinema",
    "action": "wagtail.create",
    "data": {},
    "timestamp": "2022-10-23T21:10:52.086Z",
    "uuid": null,
    "user": null,
    "revision": null,
    "content_changed": true,
    "deleted": false,
    "page": 4
  }
},
{
  "model": "wagtailcore.pagelogentry",
  "pk": 4,
  "fields": {
    "content_type": [
      "test",
      "tourpage"
    ],
    "label": "Cinema",
    "action": "wagtail.publish",
    "data": {},
    "timestamp": "2022-10-23T21:10:52.136Z",
    "uuid": null,
    "user": null,
    "revision": 2,
    "content_changed": true,
    "deleted": false,
    "page": 4
  }
},
{
  "model": "wagtailcore.pagelogentry",
  "pk": 5,
  "fields": {
    "content_type": [
      "test",
      "tourpage"
    ],
    "label": "Wedding Venue",
    "action": "wagtail.create",
    "data": {},
    "timestamp": "2022-10-23T21:10:52.158Z",
    "uuid": null,
    "user": null,
    "revision": null,
    "content_changed": true,
    "deleted": false,
    "page": 5
  }
},
{
  "model": "wagtailcore.pagelogentry",
  "pk": 6,
  "fields": {
    "content_type": [
      "test",
      "tourpage"
    ],
    "label": "Wedding Venue",
    "action": "wagtail.publish",
    "data": {},
    "timestamp": "2022-10-23T21:10:52.214Z",
    "uuid": null,
    "user": null,
    "revision": 3,
    "content_changed": true,
    "deleted": false,
    "page": 5
  }
},
{
  "model": "wagtailcore.pagelogentry",
  "pk": 7,
  "fields": {
    "content_type": [
      "test",
      "tourpage"
    ],
    "label": "Restaurant",
    "action": "wagtail.delete",
    "data": {},
    "timestamp": "2022-10-23T21:11:41.815Z",
    "uuid": "8496c1e4-9f35-4a0e-aa1c-e2b140a75e0c",
    "user": [
      "admin"
    ],
    "revision": null,
    "content_changed": false,
    "deleted": true,
    "page": 3
  }
},
{
  "model": "wagtailcore.pagelogentry",
  "pk": 8,
  "fields": {
    "content_type": [
      "test",
      "tourpage"
    ],
    "label": "Cinema",
    "action": "wagtail.delete",
    "data": {},
    "timestamp": "2022-10-23T21:11:41.883Z",
    "uuid": "8496c1e4-9f35-4a0e-aa1c-e2b140a75e0c",
    "user": [
      "admin"
    ],
    "revision": null,
    "content_changed": false,
    "deleted": true,
    "page": 4
  }
},
{
  "model": "wagtailcore.pagelogentry",
  "pk": 9,
  "fields": {
    "content_type": [
      "test",
      "tourpage"
    ],
    "label": "Wedding Venue",
    "action": "wagtail.delete",
    "data": {},
    "timestamp": "2022-10-23T21:11:41.940Z",
    "uuid": "8496c1e4-9f35-4a0e-aa1c-e2b140a75e0c",
    "user": [
      "admin"
    ],
    "revision": null,
    "content_changed": false,
    "deleted": true,
    "page": 5
  }
},
{
  "model": "wagtailcore.pagelogentry",
  "pk": 10,
  "fields": {
    "content_type": [
      "test",
      "tourpage"
    ],
    "label": "Restaurant",
    "action": "wagtail.create",
    "data": {},
    "timestamp": "2022-10-23T21:11:49.603Z",
    "uuid": null,
    "user": null,
    "revision": null,
    "content_changed": true,
    "deleted": false,
    "page": 6
  }
},
{
  "model": "wagtailcore.pagelogentry",
  "pk": 11,
  "fields": {
    "content_type": [
      "test",
      "tourpage"
    ],
    "label": "Restaurant",
    "action": "wagtail.publish",
    "data": {},
    "timestamp": "2022-10-23T21:11:49.657Z",
    "uuid": null,
    "user": null,
    "revision": 4,
    "content_changed": true,
    "deleted": false,
    "page": 6
  }
},
{
  "model": "wagtailcore.pagelogentry",
  "pk": 12,
  "fields": {
    "content_type": [
      "test",
      "tourpage"
    ],
    "label": "Cinema",
    "action": "wagtail.create",
    "data": {},
    "timestamp": "2022-10-23T21:11:49.682Z",
    "uuid": null,
    "user": null,
    "revision": null,
    "content_changed": true,
    "deleted": false,
    "page": 7
  }
},
{
  "model": "wagtailcore.pagelogentry",
  "pk": 13,
  "fields": {
    "content_type": [
      "test",
      "tourpage"
    ],
    "label": "Cinema",
    "action": "wagtail.publish",
    "data": {},
    "timestamp": "2022-10-23T21:11:49.733Z",
    "uuid": null,
    "user": null,
    "revision": 5,
    "content_changed": true,
    "deleted": false,
    "page": 7
  }
},
{
  "model": "wagtailcore.pagelogentry",
  "pk": 14,
  "fields": {
    "content_type": [
      "test",
      "tourpage"
    ],
    "label": "Wedding Venue",
    "action": "wagtail.create",
    "data": {},
    "timestamp": "2022-10-23T21:11:49.756Z",
    "uuid": null,
    "user": null,
    "revision": null,
    "content_changed": true,
    "deleted": false,
    "page": 8
  }
},
{
  "model": "wagtailcore.pagelogentry",
  "pk": 15,
  "fields": {
    "content_type": [
      "test",
      "tourpage"
    ],
    "label": "Wedding Venue",
    "action": "wagtail.publish",
    "data": {},
    "timestamp": "2022-10-23T21:11:49.816Z",
    "uuid": null,
    "user": null,
    "revision": 6,
    "content_changed": true,
    "deleted": false,
    "page": 8
  }
},
{
  "model": "wagtailcore.pagelogentry",
  "pk": 16,
  "fields": {
    "content_type": [
      "test",
      "tourpage"
    ],
    "label": "Restaurant",
    "action": "wagtail.delete",
    "data": {},
    "timestamp": "2022-10-23T21:11:59.183Z",
    "uuid": "634262cf-a54a-4bbd-b674-866dace236fd",
    "user": [
      "admin"
    ],
    "revision": null,
    "content_changed": false,
    "deleted": true,
    "page": 6
  }
},
{
  "model": "wagtailcore.pagelogentry",
  "pk": 17,
  "fields": {
    "content_type": [
      "test",
      "tourpage"
    ],
    "label": "Cinema",
    "action": "wagtail.delete",
    "data": {},
    "timestamp": "2022-10-23T21:11:59.246Z",
    "uuid": "634262cf-a54a-4bbd-b674-866dace236fd",
    "user": [
      "admin"
    ],
    "revision": null,
    "content_changed": false,
    "deleted": true,
    "page": 7
  }
},
{
  "model": "wagtailcore.pagelogentry",
  "pk": 18,
  "fields": {
    "content_type": [
      "test",
      "tourpage"
    ],
    "label": "Wedding Venue",
    "action": "wagtail.delete",
    "data": {},
    "timestamp": "2022-10-23T21:11:59.297Z",
    "uuid": "634262cf-a54a-4bbd-b674-866dace236fd",
    "user": [
      "admin"
    ],
    "revision": null,
    "content_changed": false,
    "deleted": true,
    "page": 8
  }
},
{
  "model": "wagtailcore.pagelogentry",
  "pk": 19,
  "fields": {
    "content_type": [
      "test",
      "tourpage"
    ],
    "label": "Cinema",
    "action": "wagtail.create",
    "data": {},
    "timestamp": "2022-10-25T20:48:38.108Z",
    "uuid": "460e4f5c-e4a5-4a45-ade8-d3a395417270",
    "user": [
      "admin"
    ],
    "revision": null,
    "content_changed": true,
    "deleted": false,
    "page": 9
  }
},
{
  "model": "wagtailcore.pagelogentry",
  "pk": 20,
  "fields": {
    "content_type": [
      "test",
      "tourpage"
    ],
    "label": "Cinema",
    "action": "wagtail.publish",
    "data": {},
    "timestamp": "2022-10-25T20:48:38.174Z",
    "uuid": "460e4f5c-e4a5-4a45-ade8-d3a395417270",
    "user": [
      "admin"
    ],
    "revision": 7,
    "content_changed": true,
    "deleted": false,
    "page": 9
  }
},
{
  "model": "wagtailcore.pagelogentry",
  "pk": 21,
  "fields": {
    "content_type": [
      "test",
      "tourpage"
    ],
    "label": "Wedding Venue",
    "action": "wagtail.create",
    "data": {},
    "timestamp": "2022-10-25T20:49:41.466Z",
    "uuid": "a23bcddb-1d05-4845-a0aa-0acbd20aab45",
    "user": [
      "admin"
    ],
    "revision": null,
    "content_changed": true,
    "deleted": false,
    "page": 10
  }
},
{
  "model": "wagtailcore.pagelogentry",
  "pk": 22,
  "fields": {
    "content_type": [
      "test",
      "tourpage"
    ],
    "label": "Wedding Venue",
    "action": "wagtail.publish",
    "data": {},
    "timestamp": "2022-10-25T20:49:41.523Z",
    "uuid": "a23bcddb-1d05-4845-a0aa-0acbd20aab45",
    "user": [
      "admin"
    ],
    "revision": 8,
    "content_changed": true,
    "deleted": false,
    "page": 10
  }
},
{
  "model": "wagtailcore.pagelogentry",
  "pk": 23,
  "fields": {
    "content_type": [
      "test",
      "tourpage"
    ],
    "label": "Restaurant",
    "action": "wagtail.create",
    "data": {},
    "timestamp": "2022-10-25T20:50:36.118Z",
    "uuid": "23b808b8-9267-4044-a5ea-3c9541d21e4b",
    "user": [
      "admin"
    ],
    "revision": null,
    "content_changed": true,
    "deleted": false,
    "page": 11
  }
},
{
  "model": "wagtailcore.pagelogentry",
  "pk": 24,
  "fields": {
    "content_type": [
      "test",
      "tourpage"
    ],
    "label": "Restaurant",
    "action": "wagtail.publish",
    "data": {},
    "timestamp": "2022-10-25T20:50:36.176Z",
    "uuid": "23b808b8-9267-4044-a5ea-3c9541d21e4b",
    "user": [
      "admin"
    ],
    "revision": 9,
    "content_changed": true,
    "deleted": false,
    "page": 11
  }
},
{
  "model": "wagtailcore.pagelogentry",
  "pk": 25,
  "fields": {
    "content_type": [
      "test",
      "panoramapage"
    ],
    "label": "Welcome",
    "action": "wagtail.create",
    "data": {},
    "timestamp": "2022-10-25T20:51:22.030Z",
    "uuid": "55419222-3808-40be-bf48-317313d3f307",
    "user": [
      "admin"
    ],
    "revision": null,
    "content_changed": true,
    "deleted": false,
    "page": 12
  }
},
{
  "model": "wagtailcore.pagelogentry",
  "pk": 26,
  "fields": {
    "content_type": [
      "test",
      "panoramapage"
    ],
    "label": "Welcome",
    "action": "wagtail.publish",
    "data": {},
    "timestamp": "2022-10-25T20:51:22.094Z",
    "uuid": "55419222-3808-40be-bf48-317313d3f307",
    "user": [
      "admin"
    ],
    "revision": 10,
    "content_changed": true,
    "deleted": false,
    "page": 12
  }
},
{
  "model": "wagtailcore.pagelogentry",
  "pk": 27,
  "fields": {
    "content_type": [
      "test",
      "panoramapage"
    ],
    "label": "Dining Area",
    "action": "wagtail.create",
    "data": {},
    "timestamp": "2022-10-25T20:51:53.849Z",
    "uuid": "5b1097b9-a50f-4a73-9b02-ee0ac70d0210",
    "user": [
      "admin"
    ],
    "revision": null,
    "content_changed": true,
    "deleted": false,
    "page": 13
  }
},
{
  "model": "wagtailcore.pagelogentry",
  "pk": 28,
  "fields": {
    "content_type": [
      "test",
      "panoramapage"
    ],
    "label": "Dining Area",
    "action": "wagtail.publish",
    "data": {},
    "timestamp": "2022-10-25T20:51:53.916Z",
    "uuid": "5b1097b9-a50f-4a73-9b02-ee0ac70d0210",
    "user": [
      "admin"
    ],
    "revision": 11,
    "content_changed": true,
    "deleted": false,
    "page": 13
  }
},
{
  "model": "wagtailcore.pagelogentry",
  "pk": 29,
  "fields": {
    "content_type": [
      "test",
      "panoramapage"
    ],
    "label": "Bar",
    "action": "wagtail.create",
    "data": {},
    "timestamp": "2022-10-25T20:52:24.707Z",
    "uuid": "5e8db27e-d186-44f8-941e-e076f4778b5b",
    "user": [
      "admin"
    ],
    "revision": null,
    "content_changed": true,
    "deleted": false,
    "page": 14
  }
},
{
  "model": "wagtailcore.pagelogentry",
  "pk": 30,
  "fields": {
    "content_type": [
      "test",
      "panoramapage"
    ],
    "label": "Bar",
    "action": "wagtail.publish",
    "data": {},
    "timestamp": "2022-10-25T20:52:24.767Z",
    "uuid": "5e8db27e-d186-44f8-941e-e076f4778b5b",
    "user": [
      "admin"
    ],
    "revision": 12,
    "content_changed": true,
    "deleted": false,
    "page": 14
  }
},
{
  "model": "wagtailcore.pagelogentry",
  "pk": 31,
  "fields": {
    "content_type": [
      "test",
      "panoramapage"
    ],
    "label": "Tea Room",
    "action": "wagtail.create",
    "data": {},
    "timestamp": "2022-10-25T20:53:01.445Z",
    "uuid": "9f1e9a6f-e7e9-4829-b788-456412ff54fd",
    "user": [
      "admin"
    ],
    "revision": null,
    "content_changed": true,
    "deleted": false,
    "page": 15
  }
},
{
  "model": "wagtailcore.pagelogentry",
  "pk": 32,
  "fields": {
    "content_type": [
      "test",
      "panoramapage"
    ],
    "label": "Tea Room",
    "action": "wagtail.publish",
    "data": {},
    "timestamp": "2022-10-25T20:53:01.506Z",
    "uuid": "9f1e9a6f-e7e9-4829-b788-456412ff54fd",
    "user": [
      "admin"
    ],
    "revision": 13,
    "content_changed": true,
    "deleted": false,
    "page": 15
  }
},
{
  "model": "wagtailcore.pagelogentry",
  "pk": 33,
  "fields": {
    "content_type": [
      "test",
      "panoramapage"
    ],
    "label": "Welcome",
    "action": "wagtail.create",
    "data": {},
    "timestamp": "2022-10-25T20:54:24.579Z",
    "uuid": "1a11378a-f3c6-4258-8a8a-766d0c311482",
    "user": [
      "admin"
    ],
    "revision": null,
    "content_changed": true,
    "deleted": false,
    "page": 16
  }
},
{
  "model": "wagtailcore.pagelogentry",
  "pk": 34,
  "fields": {
    "content_type": [
      "test",
      "panoramapage"
    ],
    "label": "Welcome",
    "action": "wagtail.publish",
    "data": {},
    "timestamp": "2022-10-25T20:54:24.642Z",
    "uuid": "1a11378a-f3c6-4258-8a8a-766d0c311482",
    "user": [
      "admin"
    ],
    "revision": 14,
    "content_changed": true,
    "deleted": false,
    "page": 16
  }
},
{
  "model": "wagtailcore.pagelogentry",
  "pk": 35,
  "fields": {
    "content_type": [
      "test",
      "panoramapage"
    ],
    "label": "Garden",
    "action": "wagtail.create",
    "data": {},
    "timestamp": "2022-10-25T20:54:46.518Z",
    "uuid": "758a6436-1573-457a-89e2-fb753bd610f5",
    "user": [
      "admin"
    ],
    "revision": null,
    "content_changed": true,
    "deleted": false,
    "page": 17
  }
},
{
  "model": "wagtailcore.pagelogentry",
  "pk": 36,
  "fields": {
    "content_type": [
      "test",
      "panoramapage"
    ],
    "label": "Garden",
    "action": "wagtail.publish",
    "data": {},
    "timestamp": "2022-10-25T20:54:46.589Z",
    "uuid": "758a6436-1573-457a-89e2-fb753bd610f5",
    "user": [
      "admin"
    ],
    "revision": 15,
    "content_changed": true,
    "deleted": false,
    "page": 17
  }
},
{
  "model": "wagtailcore.pagelogentry",
  "pk": 37,
  "fields": {
    "content_type": [
      "test",
      "panoramapage"
    ],
    "label": "Terrace",
    "action": "wagtail.create",
    "data": {},
    "timestamp": "2022-10-25T20:55:07.855Z",
    "uuid": "8a4f12f1-b5eb-4f8d-ab97-182eedffef5e",
    "user": [
      "admin"
    ],
    "revision": null,
    "content_changed": true,
    "deleted": false,
    "page": 18
  }
},
{
  "model": "wagtailcore.pagelogentry",
  "pk": 38,
  "fields": {
    "content_type": [
      "test",
      "panoramapage"
    ],
    "label": "Terrace",
    "action": "wagtail.publish",
    "data": {},
    "timestamp": "2022-10-25T20:55:07.921Z",
    "uuid": "8a4f12f1-b5eb-4f8d-ab97-182eedffef5e",
    "user": [
      "admin"
    ],
    "revision": 16,
    "content_changed": true,
    "deleted": false,
    "page": 18
  }
},
{
  "model": "wagtailcore.pagelogentry",
  "pk": 39,
  "fields": {
    "content_type": [
      "test",
      "panoramapage"
    ],
    "label": "Marquee",
    "action": "wagtail.create",
    "data": {},
    "timestamp": "2022-10-25T20:55:31.851Z",
    "uuid": "85e6ce0a-9730-405b-8190-492634e04b0e",
    "user": [
      "admin"
    ],
    "revision": null,
    "content_changed": true,
    "deleted": false,
    "page": 19
  }
},
{
  "model": "wagtailcore.pagelogentry",
  "pk": 40,
  "fields": {
    "content_type": [
      "test",
      "panoramapage"
    ],
    "label": "Marquee",
    "action": "wagtail.publish",
    "data": {},
    "timestamp": "2022-10-25T20:55:31.911Z",
    "uuid": "85e6ce0a-9730-405b-8190-492634e04b0e",
    "user": [
      "admin"
    ],
    "revision": 17,
    "content_changed": true,
    "deleted": false,
    "page": 19
  }
},
{
  "model": "wagtailcore.pagelogentry",
  "pk": 41,
  "fields": {
    "content_type": [
      "test",
      "panoramapage"
    ],
    "label": "Bar",
    "action": "wagtail.create",
    "data": {},
    "timestamp": "2022-10-25T20:55:56.423Z",
    "uuid": "46855b2f-b8f1-4d35-ac8f-809a27fc1b30",
    "user": [
      "admin"
    ],
    "revision": null,
    "content_changed": true,
    "deleted": false,
    "page": 20
  }
},
{
  "model": "wagtailcore.pagelogentry",
  "pk": 42,
  "fields": {
    "content_type": [
      "test",
      "panoramapage"
    ],
    "label": "Bar",
    "action": "wagtail.publish",
    "data": {},
    "timestamp": "2022-10-25T20:55:56.484Z",
    "uuid": "46855b2f-b8f1-4d35-ac8f-809a27fc1b30",
    "user": [
      "admin"
    ],
    "revision": 18,
    "content_changed": true,
    "deleted": false,
    "page": 20
  }
},
{
  "model": "wagtailcore.pagelogentry",
  "pk": 43,
  "fields": {
    "content_type": [
      "test",
      "panoramapage"
    ],
    "label": "Lounge",
    "action": "wagtail.create",
    "data": {},
    "timestamp": "2022-10-25T20:56:16.515Z",
    "uuid": "754c18b6-7a4b-4be3-a00a-30f3b4b4f6ad",
    "user": [
      "admin"
    ],
    "revision": null,
    "content_changed": true,
    "deleted": false,
    "page": 21
  }
},
{
  "model": "wagtailcore.pagelogentry",
  "pk": 44,
  "fields": {
    "content_type": [
      "test",
      "panoramapage"
    ],
    "label": "Lounge",
    "action": "wagtail.publish",
    "data": {},
    "timestamp": "2022-10-25T20:56:16.578Z",
    "uuid": "754c18b6-7a4b-4be3-a00a-30f3b4b4f6ad",
    "user": [
      "admin"
    ],
    "revision": 19,
    "content_changed": true,
    "deleted": false,
    "page": 21
  }
},
{
  "model": "wagtailcore.pagelogentry",
  "pk": 45,
  "fields": {
    "content_type": [
      "test",
      "panoramapage"
    ],
    "label": "Welcome",
    "action": "wagtail.create",
    "data": {},
    "timestamp": "2022-10-25T20:56:31.769Z",
    "uuid": "bbebb9dc-4305-48fd-a1b7-25b5ef67024f",
    "user": [
      "admin"
    ],
    "revision": null,
    "content_changed": true,
    "deleted": false,
    "page": 22
  }
},
{
  "model": "wagtailcore.pagelogentry",
  "pk": 46,
  "fields": {
    "content_type": [
      "test",
      "panoramapage"
    ],
    "label": "Welcome",
    "action": "wagtail.publish",
    "data": {},
    "timestamp": "2022-10-25T20:56:31.829Z",
    "uuid": "bbebb9dc-4305-48fd-a1b7-25b5ef67024f",
    "user": [
      "admin"
    ],
    "revision": 20,
    "content_changed": true,
    "deleted": false,
    "page": 22
  }
},
{
  "model": "wagtailcore.pagelogentry",
  "pk": 47,
  "fields": {
    "content_type": [
      "test",
      "panoramapage"
    ],
    "label": "Foyer",
    "action": "wagtail.create",
    "data": {},
    "timestamp": "2022-10-25T20:56:54.806Z",
    "uuid": "5d9220d9-a6a2-40f0-b19e-625edb4a7d77",
    "user": [
      "admin"
    ],
    "revision": null,
    "content_changed": true,
    "deleted": false,
    "page": 23
  }
},
{
  "model": "wagtailcore.pagelogentry",
  "pk": 48,
  "fields": {
    "content_type": [
      "test",
      "panoramapage"
    ],
    "label": "Foyer",
    "action": "wagtail.publish",
    "data": {},
    "timestamp": "2022-10-25T20:56:54.866Z",
    "uuid": "5d9220d9-a6a2-40f0-b19e-625edb4a7d77",
    "user": [
      "admin"
    ],
    "revision": 21,
    "content_changed": true,
    "deleted": false,
    "page": 23
  }
},
{
  "model": "wagtailcore.pagelogentry",
  "pk": 49,
  "fields": {
    "content_type": [
      "test",
      "panoramapage"
    ],
    "label": "Cafe",
    "action": "wagtail.create",
    "data": {},
    "timestamp": "2022-10-25T20:57:23.302Z",
    "uuid": "c575a74a-b2f7-494e-8083-4c0d6802f9fc",
    "user": [
      "admin"
    ],
    "revision": null,
    "content_changed": true,
    "deleted": false,
    "page": 24
  }
},
{
  "model": "wagtailcore.pagelogentry",
  "pk": 50,
  "fields": {
    "content_type": [
      "test",
      "panoramapage"
    ],
    "label": "Cafe",
    "action": "wagtail.publish",
    "data": {},
    "timestamp": "2022-10-25T20:57:23.366Z",
    "uuid": "c575a74a-b2f7-494e-8083-4c0d6802f9fc",
    "user": [
      "admin"
    ],
    "revision": 22,
    "content_changed": true,
    "deleted": false,
    "page": 24
  }
},
{
  "model": "wagtailcore.pagelogentry",
  "pk": 51,
  "fields": {
    "content_type": [
      "test",
      "panoramapage"
    ],
    "label": "Wine Bar",
    "action": "wagtail.create",
    "data": {},
    "timestamp": "2022-10-25T20:57:57.694Z",
    "uuid": "a11c7465-64b7-46ee-a406-168a81ddd772",
    "user": [
      "admin"
    ],
    "revision": null,
    "content_changed": true,
    "deleted": false,
    "page": 25
  }
},
{
  "model": "wagtailcore.pagelogentry",
  "pk": 52,
  "fields": {
    "content_type": [
      "test",
      "panoramapage"
    ],
    "label": "Wine Bar",
    "action": "wagtail.publish",
    "data": {},
    "timestamp": "2022-10-25T20:57:57.757Z",
    "uuid": "a11c7465-64b7-46ee-a406-168a81ddd772",
    "user": [
      "admin"
    ],
    "revision": 23,
    "content_changed": true,
    "deleted": false,
    "page": 25
  }
},
{
  "model": "wagtailcore.pagelogentry",
  "pk": 53,
  "fields": {
    "content_type": [
      "test",
      "panoramapage"
    ],
    "label": "Vintage Projector",
    "action": "wagtail.create",
    "data": {},
    "timestamp": "2022-10-25T20:58:36.800Z",
    "uuid": "8bb50afd-f6f7-465e-9b72-e2d7168a1bee",
    "user": [
      "admin"
    ],
    "revision": null,
    "content_changed": true,
    "deleted": false,
    "page": 26
  }
},
{
  "model": "wagtailcore.pagelogentry",
  "pk": 54,
  "fields": {
    "content_type": [
      "test",
      "panoramapage"
    ],
    "label": "Vintage Projector",
    "action": "wagtail.publish",
    "data": {},
    "timestamp": "2022-10-25T20:58:36.860Z",
    "uuid": "8bb50afd-f6f7-465e-9b72-e2d7168a1bee",
    "user": [
      "admin"
    ],
    "revision": 24,
    "content_changed": true,
    "deleted": false,
    "page": 26
  }
},
{
  "model": "wagtailcore.pagelogentry",
  "pk": 55,
  "fields": {
    "content_type": [
      "test",
      "panoramapage"
    ],
    "label": "Circle",
    "action": "wagtail.create",
    "data": {},
    "timestamp": "2022-10-25T20:59:02.926Z",
    "uuid": "bdbe7575-087b-4b7f-bcab-8ca3c0d5ab6e",
    "user": [
      "admin"
    ],
    "revision": null,
    "content_changed": true,
    "deleted": false,
    "page": 27
  }
},
{
  "model": "wagtailcore.pagelogentry",
  "pk": 56,
  "fields": {
    "content_type": [
      "test",
      "panoramapage"
    ],
    "label": "Circle",
    "action": "wagtail.publish",
    "data": {},
    "timestamp": "2022-10-25T20:59:02.988Z",
    "uuid": "bdbe7575-087b-4b7f-bcab-8ca3c0d5ab6e",
    "user": [
      "admin"
    ],
    "revision": 25,
    "content_changed": true,
    "deleted": false,
    "page": 27
  }
},
{
  "model": "wagtailcore.pagelogentry",
  "pk": 57,
  "fields": {
    "content_type": [
      "test",
      "panoramapage"
    ],
    "label": "Bar",
    "action": "wagtail.create",
    "data": {},
    "timestamp": "2022-10-25T20:59:56.470Z",
    "uuid": "b08916bd-6e0c-4e79-bed6-ab75ef8f9b8c",
    "user": [
      "admin"
    ],
    "revision": null,
    "content_changed": true,
    "deleted": false,
    "page": 28
  }
},
{
  "model": "wagtailcore.pagelogentry",
  "pk": 58,
  "fields": {
    "content_type": [
      "test",
      "panoramapage"
    ],
    "label": "Bar",
    "action": "wagtail.publish",
    "data": {},
    "timestamp": "2022-10-25T20:59:56.533Z",
    "uuid": "b08916bd-6e0c-4e79-bed6-ab75ef8f9b8c",
    "user": [
      "admin"
    ],
    "revision": 26,
    "content_changed": true,
    "deleted": false,
    "page": 28
  }
},
{
  "model": "wagtailcore.pagelogentry",
  "pk": 59,
  "fields": {
    "content_type": [
      "test",
      "panoramapage"
    ],
    "label": "Movie & Meal",
    "action": "wagtail.create",
    "data": {},
    "timestamp": "2022-10-25T21:00:33.383Z",
    "uuid": "36ea8469-47d8-44b1-80ac-ba81c8b91713",
    "user": [
      "admin"
    ],
    "revision": null,
    "content_changed": true,
    "deleted": false,
    "page": 29
  }
},
{
  "model": "wagtailcore.pagelogentry",
  "pk": 60,
  "fields": {
    "content_type": [
      "test",
      "panoramapage"
    ],
    "label": "Movie & Meal",
    "action": "wagtail.publish",
    "data": {},
    "timestamp": "2022-10-25T21:00:33.443Z",
    "uuid": "36ea8469-47d8-44b1-80ac-ba81c8b91713",
    "user": [
      "admin"
    ],
    "revision": 27,
    "content_changed": true,
    "deleted": false,
    "page": 29
  }
},
{
  "model": "wagtailcore.groupapprovaltask",
  "pk": 1,
  "fields": {
    "groups": [
      [
        "Moderators"
      ]
    ]
  }
},
{
  "model": "wagtailcore.grouppagepermission",
  "pk": 1,
  "fields": {
    "group": [
      "Moderators"
    ],
    "page": 1,
    "permission_type": "add"
  }
},
{
  "model": "wagtailcore.grouppagepermission",
  "pk": 2,
  "fields": {
    "group": [
      "Moderators"
    ],
    "page": 1,
    "permission_type": "edit"
  }
},
{
  "model": "wagtailcore.grouppagepermission",
  "pk": 3,
  "fields": {
    "group": [
      "Moderators"
    ],
    "page": 1,
    "permission_type": "publish"
  }
},
{
  "model": "wagtailcore.grouppagepermission",
  "pk": 4,
  "fields": {
    "group": [
      "Editors"
    ],
    "page": 1,
    "permission_type": "add"
  }
},
{
  "model": "wagtailcore.grouppagepermission",
  "pk": 5,
  "fields": {
    "group": [
      "Editors"
    ],
    "page": 1,
    "permission_type": "edit"
  }
},
{
  "model": "wagtailcore.grouppagepermission",
  "pk": 6,
  "fields": {
    "group": [
      "Moderators"
    ],
    "page": 1,
    "permission_type": "lock"
  }
},
{
  "model": "wagtailcore.grouppagepermission",
  "pk": 7,
  "fields": {
    "group": [
      "Moderators"
    ],
    "page": 1,
    "permission_type": "unlock"
  }
},
{
  "model": "wagtailcore.revision",
  "pk": 7,
  "fields": {
    "content_type": [
      "test",
      "tourpage"
    ],
    "base_content_type": [
      "wagtailcore",
      "page"
    ],
    "object_id": "9",
    "submitted_for_moderation": false,
    "created_at": "2022-10-25T20:48:38.123Z",
    "user": [
      "admin"
    ],
    "object_str": "Cinema",
    "content": {
      "pk": 9,
      "path": "000100010001",
      "depth": 3,
      "numchild": 0,
      "translation_key": "962deb79-3d46-428f-89c2-7e50e251444a",
      "locale": 1,
      "latest_revision": null,
      "live": true,
      "has_unpublished_changes": false,
      "first_published_at": null,
      "last_published_at": null,
      "live_revision": null,
      "go_live_at": null,
      "expire_at": null,
      "expired": false,
      "locked": false,
      "locked_at": null,
      "locked_by": null,
      "title": "Cinema",
      "draft_title": "Cinema",
      "slug": "cinema",
      "content_type": 8,
      "url_path": "/home/cinema/",
      "owner": 1,
      "seo_title": "",
      "show_in_menus": false,
      "search_description": "",
      "latest_revision_created_at": null,
      "alias_of": null,
      "maps_url": "https://www.google.com/maps/place/Regal+Cinema+Evesham/@52.0908374,-1.9398567,3a,90y,335.58h,97.94t/data=!3m8!1e1!3m6!1sAF1QipOgxIjSzz29Zm6sXKgCrla-pWHvK2mKnjzybldG!2e10!3e11!6shttps:%2F%2Flh5.googleusercontent.com%2Fp%2FAF1QipOgxIjSzz29Zm6sXKgCrla-pWHvK2mKnjzybldG%3Dw203-h100-k-no-pi-30.000002-ya83.87635-ro-0-fo100!7i13312!8i6656!4m8!3m7!1s0x4870dde2a3c124f9:0x540b84f32ae5f6ab!8m2!3d52.090865!4d-1.939927!14m1!1BCgIgARICCAI!16s%2Fg%2F11h0tfkgc",
      "lat": 52.0908374,
      "lng": -1.9398567,
      "heading": 335.58,
      "elevation": 7.939999999999998,
      "zoom_level": 0.0,
      "wagtail_admin_comments": []
    },
    "approved_go_live_at": null
  }
},
{
  "model": "wagtailcore.revision",
  "pk": 8,
  "fields": {
    "content_type": [
      "test",
      "tourpage"
    ],
    "base_content_type": [
      "wagtailcore",
      "page"
    ],
    "object_id": "10",
    "submitted_for_moderation": false,
    "created_at": "2022-10-25T20:49:41.477Z",
    "user": [
      "admin"
    ],
    "object_str": "Wedding Venue",
    "content": {
      "pk": 10,
      "path": "000100010002",
      "depth": 3,
      "numchild": 0,
      "translation_key": "b3c7feae-b763-4eda-af78-245c3decfe32",
      "locale": 1,
      "latest_revision": null,
      "live": true,
      "has_unpublished_changes": false,
      "first_published_at": null,
      "last_published_at": null,
      "live_revision": null,
      "go_live_at": null,
      "expire_at": null,
      "expired": false,
      "locked": false,
      "locked_at": null,
      "locked_by": null,
      "title": "Wedding Venue",
      "draft_title": "Wedding Venue",
      "slug": "wedding-venue",
      "content_type": 8,
      "url_path": "/home/wedding-venue/",
      "owner": 1,
      "seo_title": "",
      "show_in_menus": false,
      "search_description": "",
      "latest_revision_created_at": null,
      "alias_of": null,
      "maps_url": "https://www.google.com/maps/place/Manor+Hill+House+Weddings/@52.3186733,-2.1176422,3a,75y,135.12h,96.59t/data=!3m8!1e1!3m6!1sAF1QipNCY-B2vds3c63LlfIH-Dk6VBla3QdJALVecd-8!2e10!3e11!6shttps:%2F%2Flh5.googleusercontent.com%2Fp%2FAF1QipNCY-B2vds3c63LlfIH-Dk6VBla3QdJALVecd-8%3Dw224-h298-k-no-pi-0-ya237.14285-ro0-fo100!7i8000!8i4000!4m8!3m7!1s0x4870ece053171809:0x99ab2060fe09039b!8m2!3d52.3184969!4d-2.1174893!14m1!1BCgIgARICCAI!16s%2Fg%2F1tdlgr2z",
      "lat": 52.3186733,
      "lng": -2.1176422,
      "heading": 135.12,
      "elevation": 6.590000000000003,
      "zoom_level": -1.0,
      "wagtail_admin_comments": []
    },
    "approved_go_live_at": null
  }
},
{
  "model": "wagtailcore.revision",
  "pk": 9,
  "fields": {
    "content_type": [
      "test",
      "tourpage"
    ],
    "base_content_type": [
      "wagtailcore",
      "page"
    ],
    "object_id": "11",
    "submitted_for_moderation": false,
    "created_at": "2022-10-25T20:50:36.129Z",
    "user": [
      "admin"
    ],
    "object_str": "Restaurant",
    "content": {
      "pk": 11,
      "path": "000100010003",
      "depth": 3,
      "numchild": 0,
      "translation_key": "78fcc8ee-f28e-4f39-a186-f824fc6fc6e1",
      "locale": 1,
      "latest_revision": null,
      "live": true,
      "has_unpublished_changes": false,
      "first_published_at": null,
      "last_published_at": null,
      "live_revision": null,
      "go_live_at": null,
      "expire_at": null,
      "expired": false,
      "locked": false,
      "locked_at": null,
      "locked_by": null,
      "title": "Restaurant",
      "draft_title": "Restaurant",
      "slug": "restaurant",
      "content_type": 8,
      "url_path": "/home/restaurant/",
      "owner": 1,
      "seo_title": "",
      "show_in_menus": false,
      "search_description": "",
      "latest_revision_created_at": null,
      "alias_of": null,
      "maps_url": "https://www.google.com/maps/place/Bullocks+Bistro+and+bar/@52.2681251,-2.146122,3a,90y,183.06h,117.51t/data=!3m8!1e1!3m6!1sAF1QipN3_M3OONDMhBcz6leUfD5PvDWFwb__RvMVSeh8!2e10!3e11!6shttps:%2F%2Flh5.googleusercontent.com%2Fp%2FAF1QipN3_M3OONDMhBcz6leUfD5PvDWFwb__RvMVSeh8%3Dw203-h100-k-no-pi-20-ya1.5714489-ro-0-fo100!7i13312!8i6656!4m8!3m7!1s0x4870ede88ffe2963:0x65d2e616db4b051b!8m2!3d52.2680806!4d-2.1461306!14m1!1BCgIgARICCAI!16s%2Fg%2F11ckvlphp4",
      "lat": 52.2681251,
      "lng": -2.146122,
      "heading": 183.06,
      "elevation": 27.510000000000005,
      "zoom_level": 0.0,
      "wagtail_admin_comments": []
    },
    "approved_go_live_at": null
  }
},
{
  "model": "wagtailcore.revision",
  "pk": 10,
  "fields": {
    "content_type": [
      "test",
      "panoramapage"
    ],
    "base_content_type": [
      "wagtailcore",
      "page"
    ],
    "object_id": "12",
    "submitted_for_moderation": false,
    "created_at": "2022-10-25T20:51:22.041Z",
    "user": [
      "admin"
    ],
    "object_str": "Welcome",
    "content": {
      "pk": 12,
      "path": "0001000100030001",
      "depth": 4,
      "numchild": 0,
      "translation_key": "5049d93a-50fa-4cef-b331-cb9202631cb1",
      "locale": 1,
      "latest_revision": null,
      "live": true,
      "has_unpublished_changes": false,
      "first_published_at": null,
      "last_published_at": null,
      "live_revision": null,
      "go_live_at": null,
      "expire_at": null,
      "expired": false,
      "locked": false,
      "locked_at": null,
      "locked_by": null,
      "title": "Welcome",
      "draft_title": "Welcome",
      "slug": "welcome",
      "content_type": 7,
      "url_path": "/home/restaurant/welcome/",
      "owner": 1,
      "seo_title": "",
      "show_in_menus": false,
      "search_description": "",
      "latest_revision_created_at": null,
      "alias_of": null,
      "panorama_id": "CAoSLEFGMVFpcE4zX00zT09ORE1oQmN6NmxlVWZENVB2RFdGd2JfX1J2TVZTZWg4",
      "lat": 52.26812513498337,
      "lng": -2.1461220373322476,
      "heading": 183.06,
      "elevation": 27.510000000000005,
      "zoom_level": 0.0,
      "body": "",
      "wagtail_admin_comments": []
    },
    "approved_go_live_at": null
  }
},
{
  "model": "wagtailcore.revision",
  "pk": 11,
  "fields": {
    "content_type": [
      "test",
      "panoramapage"
    ],
    "base_content_type": [
      "wagtailcore",
      "page"
    ],
    "object_id": "13",
    "submitted_for_moderation": false,
    "created_at": "2022-10-25T20:51:53.862Z",
    "user": [
      "admin"
    ],
    "object_str": "Dining Area",
    "content": {
      "pk": 13,
      "path": "0001000100030002",
      "depth": 4,
      "numchild": 0,
      "translation_key": "42cfa1fe-15ff-4c59-b83f-efbccd79ebde",
      "locale": 1,
      "latest_revision": null,
      "live": true,
      "has_unpublished_changes": false,
      "first_published_at": null,
      "last_published_at": null,
      "live_revision": null,
      "go_live_at": null,
      "expire_at": null,
      "expired": false,
      "locked": false,
      "locked_at": null,
      "locked_by": null,
      "title": "Dining Area",
      "draft_title": "Dining Area",
      "slug": "dining-area",
      "content_type": 7,
      "url_path": "/home/restaurant/dining-area/",
      "owner": 1,
      "seo_title": "",
      "show_in_menus": false,
      "search_description": "",
      "latest_revision_created_at": null,
      "alias_of": null,
      "panorama_id": "CAoSLEFGMVFpcE9COEFLTVFhaWFQaWpQMWpGNXhGdDlmQ2hyT01zSVFGRFc1NC1Y",
      "lat": 52.26800270651126,
      "lng": -2.146175206428552,
      "heading": 266.18820756241166,
      "elevation": -11.430332772138527,
      "zoom_level": 0.0,
      "body": "",
      "wagtail_admin_comments": []
    },
    "approved_go_live_at": null
  }
},
{
  "model": "wagtailcore.revision",
  "pk": 12,
  "fields": {
    "content_type": [
      "test",
      "panoramapage"
    ],
    "base_content_type": [
      "wagtailcore",
      "page"
    ],
    "object_id": "14",
    "submitted_for_moderation": false,
    "created_at": "2022-10-25T20:52:24.718Z",
    "user": [
      "admin"
    ],
    "object_str": "Bar",
    "content": {
      "pk": 14,
      "path": "0001000100030003",
      "depth": 4,
      "numchild": 0,
      "translation_key": "662637de-67df-44ca-a109-5dabb9ab34b1",
      "locale": 1,
      "latest_revision": null,
      "live": true,
      "has_unpublished_changes": false,
      "first_published_at": null,
      "last_published_at": null,
      "live_revision": null,
      "go_live_at": null,
      "expire_at": null,
      "expired": false,
      "locked": false,
      "locked_at": null,
      "locked_by": null,
      "title": "Bar",
      "draft_title": "Bar",
      "slug": "bar",
      "content_type": 7,
      "url_path": "/home/restaurant/bar/",
      "owner": 1,
      "seo_title": "",
      "show_in_menus": false,
      "search_description": "",
      "latest_revision_created_at": null,
      "alias_of": null,
      "panorama_id": "CAoSLEFGMVFpcE1fRWIzWHNVaHlmMXJYWkpQNDR5cmVUSGJmdUQ4VG5YeTlWdHl2",
      "lat": 52.26804365573941,
      "lng": -2.1461080076999224,
      "heading": 68.95548371566605,
      "elevation": -6.246037307294017,
      "zoom_level": 0.0,
      "body": "",
      "wagtail_admin_comments": []
    },
    "approved_go_live_at": null
  }
},
{
  "model": "wagtailcore.revision",
  "pk": 13,
  "fields": {
    "content_type": [
      "test",
      "panoramapage"
    ],
    "base_content_type": [
      "wagtailcore",
      "page"
    ],
    "object_id": "15",
    "submitted_for_moderation": false,
    "created_at": "2022-10-25T20:53:01.456Z",
    "user": [
      "admin"
    ],
    "object_str": "Tea Room",
    "content": {
      "pk": 15,
      "path": "0001000100030004",
      "depth": 4,
      "numchild": 0,
      "translation_key": "380d1949-5a8b-43c0-b79c-4cc4f31547c4",
      "locale": 1,
      "latest_revision": null,
      "live": true,
      "has_unpublished_changes": false,
      "first_published_at": null,
      "last_published_at": null,
      "live_revision": null,
      "go_live_at": null,
      "expire_at": null,
      "expired": false,
      "locked": false,
      "locked_at": null,
      "locked_by": null,
      "title": "Tea Room",
      "draft_title": "Tea Room",
      "slug": "tea-room",
      "content_type": 7,
      "url_path": "/home/restaurant/tea-room/",
      "owner": 1,
      "seo_title": "",
      "show_in_menus": false,
      "search_description": "",
      "latest_revision_created_at": null,
      "alias_of": null,
      "panorama_id": "CAoSLEFGMVFpcE4tWTJvaHdMX1U0a1JWQjkza0Etd3VvejhGSURWbDZKandOWDNi",
      "lat": 52.26809185396259,
      "lng": -2.1460402616453393,
      "heading": 75.12994857459903,
      "elevation": -19.85209279936184,
      "zoom_level": 1.0,
      "body": "",
      "wagtail_admin_comments": []
    },
    "approved_go_live_at": null
  }
},
{
  "model": "wagtailcore.revision",
  "pk": 14,
  "fields": {
    "content_type": [
      "test",
      "panoramapage"
    ],
    "base_content_type": [
      "wagtailcore",
      "page"
    ],
    "object_id": "16",
    "submitted_for_moderation": false,
    "created_at": "2022-10-25T20:54:24.592Z",
    "user": [
      "admin"
    ],
    "object_str": "Welcome",
    "content": {
      "pk": 16,
      "path": "0001000100020001",
      "depth": 4,
      "numchild": 0,
      "translation_key": "1482b55e-4c85-41f5-9d78-d07829603f96",
      "locale": 1,
      "latest_revision": null,
      "live": true,
      "has_unpublished_changes": false,
      "first_published_at": null,
      "last_published_at": null,
      "live_revision": null,
      "go_live_at": null,
      "expire_at": null,
      "expired": false,
      "locked": false,
      "locked_at": null,
      "locked_by": null,
      "title": "Welcome",
      "draft_title": "Welcome",
      "slug": "welcome",
      "content_type": 7,
      "url_path": "/home/wedding-venue/welcome/",
      "owner": 1,
      "seo_title": "",
      "show_in_menus": false,
      "search_description": "",
      "latest_revision_created_at": null,
      "alias_of": null,
      "panorama_id": "CAoSLEFGMVFpcE5DWS1CMnZkczNjNjNMbGZJSC1EazZWQmxhM1FkSkFMVmVjZC04",
      "lat": 52.31867329987068,
      "lng": -2.117642238736152,
      "heading": 135.12,
      "elevation": 6.590000000000003,
      "zoom_level": 0.0,
      "body": "",
      "wagtail_admin_comments": []
    },
    "approved_go_live_at": null
  }
},
{
  "model": "wagtailcore.revision",
  "pk": 15,
  "fields": {
    "content_type": [
      "test",
      "panoramapage"
    ],
    "base_content_type": [
      "wagtailcore",
      "page"
    ],
    "object_id": "17",
    "submitted_for_moderation": false,
    "created_at": "2022-10-25T20:54:46.533Z",
    "user": [
      "admin"
    ],
    "object_str": "Garden",
    "content": {
      "pk": 17,
      "path": "0001000100020002",
      "depth": 4,
      "numchild": 0,
      "translation_key": "8f8158ed-c7e4-40a0-a83b-c576690f29ec",
      "locale": 1,
      "latest_revision": null,
      "live": true,
      "has_unpublished_changes": false,
      "first_published_at": null,
      "last_published_at": null,
      "live_revision": null,
      "go_live_at": null,
      "expire_at": null,
      "expired": false,
      "locked": false,
      "locked_at": null,
      "locked_by": null,
      "title": "Garden",
      "draft_title": "Garden",
      "slug": "garden",
      "content_type": 7,
      "url_path": "/home/wedding-venue/garden/",
      "owner": 1,
      "seo_title": "",
      "show_in_menus": false,
      "search_description": "",
      "latest_revision_created_at": null,
      "alias_of": null,
      "panorama_id": "CAoSLEFGMVFpcE1xMXNfVkFaay1Oa3Rvd1J0N0hLOHd0NUhXMFFRcGpMYUVNVTJz",
      "lat": 52.3186237034071,
      "lng": -2.1177059412002563,
      "heading": 183.54078660749718,
      "elevation": 1.4588785036634704,
      "zoom_level": 0.0,
      "body": "",
      "wagtail_admin_comments": []
    },
    "approved_go_live_at": null
  }
},
{
  "model": "wagtailcore.revision",
  "pk": 16,
  "fields": {
    "content_type": [
      "test",
      "panoramapage"
    ],
    "base_content_type": [
      "wagtailcore",
      "page"
    ],
    "object_id": "18",
    "submitted_for_moderation": false,
    "created_at": "2022-10-25T20:55:07.868Z",
    "user": [
      "admin"
    ],
    "object_str": "Terrace",
    "content": {
      "pk": 18,
      "path": "0001000100020003",
      "depth": 4,
      "numchild": 0,
      "translation_key": "9fd4f3fa-c977-4fed-9acb-71035debfd0a",
      "locale": 1,
      "latest_revision": null,
      "live": true,
      "has_unpublished_changes": false,
      "first_published_at": null,
      "last_published_at": null,
      "live_revision": null,
      "go_live_at": null,
      "expire_at": null,
      "expired": false,
      "locked": false,
      "locked_at": null,
      "locked_by": null,
      "title": "Terrace",
      "draft_title": "Terrace",
      "slug": "terrace",
      "content_type": 7,
      "url_path": "/home/wedding-venue/terrace/",
      "owner": 1,
      "seo_title": "",
      "show_in_menus": false,
      "search_description": "",
      "latest_revision_created_at": null,
      "alias_of": null,
      "panorama_id": "CAoSLEFGMVFpcE44MFFVd1pyQkNhZkdYSG9ibV84NXlHd0FLU0s0anAwZFNWLVdm",
      "lat": 52.318486800483576,
      "lng": -2.117740474641323,
      "heading": 17.520689347619758,
      "elevation": -6.880222486765433,
      "zoom_level": 0.0,
      "body": "",
      "wagtail_admin_comments": []
    },
    "approved_go_live_at": null
  }
},
{
  "model": "wagtailcore.revision",
  "pk": 17,
  "fields": {
    "content_type": [
      "test",
      "panoramapage"
    ],
    "base_content_type": [
      "wagtailcore",
      "page"
    ],
    "object_id": "19",
    "submitted_for_moderation": false,
    "created_at": "2022-10-25T20:55:31.863Z",
    "user": [
      "admin"
    ],
    "object_str": "Marquee",
    "content": {
      "pk": 19,
      "path": "0001000100020004",
      "depth": 4,
      "numchild": 0,
      "translation_key": "d56a46b0-1d5f-4f34-913f-b6dcd6901810",
      "locale": 1,
      "latest_revision": null,
      "live": true,
      "has_unpublished_changes": false,
      "first_published_at": null,
      "last_published_at": null,
      "live_revision": null,
      "go_live_at": null,
      "expire_at": null,
      "expired": false,
      "locked": false,
      "locked_at": null,
      "locked_by": null,
      "title": "Marquee",
      "draft_title": "Marquee",
      "slug": "marquee",
      "content_type": 7,
      "url_path": "/home/wedding-venue/marquee/",
      "owner": 1,
      "seo_title": "",
      "show_in_menus": false,
      "search_description": "",
      "latest_revision_created_at": null,
      "alias_of": null,
      "panorama_id": "CAoSLEFGMVFpcE5CNFdxUUUwOGpURnF1Zmw3dHhYdTZ5UHpST2FhSGMzUTdmME41",
      "lat": 52.31844601644694,
      "lng": -2.1176278218626976,
      "heading": 146.47480543154072,
      "elevation": -17.964748310259395,
      "zoom_level": 1.0,
      "body": "",
      "wagtail_admin_comments": []
    },
    "approved_go_live_at": null
  }
},
{
  "model": "wagtailcore.revision",
  "pk": 18,
  "fields": {
    "content_type": [
      "test",
      "panoramapage"
    ],
    "base_content_type": [
      "wagtailcore",
      "page"
    ],
    "object_id": "20",
    "submitted_for_moderation": false,
    "created_at": "2022-10-25T20:55:56.437Z",
    "user": [
      "admin"
    ],
    "object_str": "Bar",
    "content": {
      "pk": 20,
      "path": "0001000100020005",
      "depth": 4,
      "numchild": 0,
      "translation_key": "6ecc32ab-9c04-45aa-9785-9290c7dd01cb",
      "locale": 1,
      "latest_revision": null,
      "live": true,
      "has_unpublished_changes": false,
      "first_published_at": null,
      "last_published_at": null,
      "live_revision": null,
      "go_live_at": null,
      "expire_at": null,
      "expired": false,
      "locked": false,
      "locked_at": null,
      "locked_by": null,
      "title": "Bar",
      "draft_title": "Bar",
      "slug": "bar",
      "content_type": 7,
      "url_path": "/home/wedding-venue/bar/",
      "owner": 1,
      "seo_title": "",
      "show_in_menus": false,
      "search_description": "",
      "latest_revision_created_at": null,
      "alias_of": null,
      "panorama_id": "CAoSLEFGMVFpcE1FTm5pOVg5Qno2QlVOVDNDQmpBNldndlNmTU5xRFpKRGM2NGkw",
      "lat": 52.318548898718404,
      "lng": -2.117425985634327,
      "heading": 172.50635051359436,
      "elevation": -3.2163483948705505,
      "zoom_level": 1.0,
      "body": "",
      "wagtail_admin_comments": []
    },
    "approved_go_live_at": null
  }
},
{
  "model": "wagtailcore.revision",
  "pk": 19,
  "fields": {
    "content_type": [
      "test",
      "panoramapage"
    ],
    "base_content_type": [
      "wagtailcore",
      "page"
    ],
    "object_id": "21",
    "submitted_for_moderation": false,
    "created_at": "2022-10-25T20:56:16.525Z",
    "user": [
      "admin"
    ],
    "object_str": "Lounge",
    "content": {
      "pk": 21,
      "path": "0001000100020006",
      "depth": 4,
      "numchild": 0,
      "translation_key": "08312aee-49fb-42e2-8aad-738f6ce839df",
      "locale": 1,
      "latest_revision": null,
      "live": true,
      "has_unpublished_changes": false,
      "first_published_at": null,
      "last_published_at": null,
      "live_revision": null,
      "go_live_at": null,
      "expire_at": null,
      "expired": false,
      "locked": false,
      "locked_at": null,
      "locked_by": null,
      "title": "Lounge",
      "draft_title": "Lounge",
      "slug": "lounge",
      "content_type": 7,
      "url_path": "/home/wedding-venue/lounge/",
      "owner": 1,
      "seo_title": "",
      "show_in_menus": false,
      "search_description": "",
      "latest_revision_created_at": null,
      "alias_of": null,
      "panorama_id": "CAoSLEFGMVFpcE9rUVgwcHFlSkFzVnIxOXVqMmpoLUdJRHkwdTRQdmljUldWZENa",
      "lat": 52.3185208213095,
      "lng": -2.11747694760561,
      "heading": 185.19747288298237,
      "elevation": -13.234795590143051,
      "zoom_level": 1.0,
      "body": "",
      "wagtail_admin_comments": []
    },
    "approved_go_live_at": null
  }
},
{
  "model": "wagtailcore.revision",
  "pk": 20,
  "fields": {
    "content_type": [
      "test",
      "panoramapage"
    ],
    "base_content_type": [
      "wagtailcore",
      "page"
    ],
    "object_id": "22",
    "submitted_for_moderation": false,
    "created_at": "2022-10-25T20:56:31.781Z",
    "user": [
      "admin"
    ],
    "object_str": "Welcome",
    "content": {
      "pk": 22,
      "path": "0001000100010001",
      "depth": 4,
      "numchild": 0,
      "translation_key": "9f2779ae-ac20-4789-b1ac-21960d7d0daa",
      "locale": 1,
      "latest_revision": null,
      "live": true,
      "has_unpublished_changes": false,
      "first_published_at": null,
      "last_published_at": null,
      "live_revision": null,
      "go_live_at": null,
      "expire_at": null,
      "expired": false,
      "locked": false,
      "locked_at": null,
      "locked_by": null,
      "title": "Welcome",
      "draft_title": "Welcome",
      "slug": "welcome",
      "content_type": 7,
      "url_path": "/home/cinema/welcome/",
      "owner": 1,
      "seo_title": "",
      "show_in_menus": false,
      "search_description": "",
      "latest_revision_created_at": null,
      "alias_of": null,
      "panorama_id": "CAoSLEFGMVFpcE9neElqU3p6MjlabTZzWEtnQ3JsYS1wV0h2SzJtS25qenlibGRH",
      "lat": 52.09083741009934,
      "lng": -1.93985668333778,
      "heading": 335.58,
      "elevation": 7.939999999999998,
      "zoom_level": 0.0,
      "body": "",
      "wagtail_admin_comments": []
    },
    "approved_go_live_at": null
  }
},
{
  "model": "wagtailcore.revision",
  "pk": 21,
  "fields": {
    "content_type": [
      "test",
      "panoramapage"
    ],
    "base_content_type": [
      "wagtailcore",
      "page"
    ],
    "object_id": "23",
    "submitted_for_moderation": false,
    "created_at": "2022-10-25T20:56:54.817Z",
    "user": [
      "admin"
    ],
    "object_str": "Foyer",
    "content": {
      "pk": 23,
      "path": "0001000100010002",
      "depth": 4,
      "numchild": 0,
      "translation_key": "0fff01f2-acfe-48be-8d9c-bd9e3e696503",
      "locale": 1,
      "latest_revision": null,
      "live": true,
      "has_unpublished_changes": false,
      "first_published_at": null,
      "last_published_at": null,
      "live_revision": null,
      "go_live_at": null,
      "expire_at": null,
      "expired": false,
      "locked": false,
      "locked_at": null,
      "locked_by": null,
      "title": "Foyer",
      "draft_title": "Foyer",
      "slug": "foyer",
      "content_type": 7,
      "url_path": "/home/cinema/foyer/",
      "owner": 1,
      "seo_title": "",
      "show_in_menus": false,
      "search_description": "",
      "latest_revision_created_at": null,
      "alias_of": null,
      "panorama_id": "CAoSLEFGMVFpcE1nWF9idV9DZnNwWjVtbi12LWRrRTlwMU1EeFRkWG9JY3dPNElE",
      "lat": 52.090898064809096,
      "lng": -1.939898332286134,
      "heading": 49.74571700035699,
      "elevation": -2.53957585331311,
      "zoom_level": 0.0,
      "body": "",
      "wagtail_admin_comments": []
    },
    "approved_go_live_at": null
  }
},
{
  "model": "wagtailcore.revision",
  "pk": 22,
  "fields": {
    "content_type": [
      "test",
      "panoramapage"
    ],
    "base_content_type": [
      "wagtailcore",
      "page"
    ],
    "object_id": "24",
    "submitted_for_moderation": false,
    "created_at": "2022-10-25T20:57:23.316Z",
    "user": [
      "admin"
    ],
    "object_str": "Cafe",
    "content": {
      "pk": 24,
      "path": "0001000100010003",
      "depth": 4,
      "numchild": 0,
      "translation_key": "d0fc4cce-abdd-46a9-8152-7c65a9e776d6",
      "locale": 1,
      "latest_revision": null,
      "live": true,
      "has_unpublished_changes": false,
      "first_published_at": null,
      "last_published_at": null,
      "live_revision": null,
      "go_live_at": null,
      "expire_at": null,
      "expired": false,
      "locked": false,
      "locked_at": null,
      "locked_by": null,
      "title": "Cafe",
      "draft_title": "Cafe",
      "slug": "cafe",
      "content_type": 7,
      "url_path": "/home/cinema/cafe/",
      "owner": 1,
      "seo_title": "",
      "show_in_menus": false,
      "search_description": "",
      "latest_revision_created_at": null,
      "alias_of": null,
      "panorama_id": "CAoSLEFGMVFpcE83MjlESHZEdXlSWTBQbkMzb3ZzRUszUG5ZZlk2enRLR2UyOHkw",
      "lat": 52.09093885719924,
      "lng": -1.9400894034367866,
      "heading": 76.62024358504759,
      "elevation": 4.798967797402952,
      "zoom_level": 0.0,
      "body": "",
      "wagtail_admin_comments": []
    },
    "approved_go_live_at": null
  }
},
{
  "model": "wagtailcore.revision",
  "pk": 23,
  "fields": {
    "content_type": [
      "test",
      "panoramapage"
    ],
    "base_content_type": [
      "wagtailcore",
      "page"
    ],
    "object_id": "25",
    "submitted_for_moderation": false,
    "created_at": "2022-10-25T20:57:57.707Z",
    "user": [
      "admin"
    ],
    "object_str": "Wine Bar",
    "content": {
      "pk": 25,
      "path": "0001000100010004",
      "depth": 4,
      "numchild": 0,
      "translation_key": "bae411b6-c703-4442-bbf4-cd642e60a4d5",
      "locale": 1,
      "latest_revision": null,
      "live": true,
      "has_unpublished_changes": false,
      "first_published_at": null,
      "last_published_at": null,
      "live_revision": null,
      "go_live_at": null,
      "expire_at": null,
      "expired": false,
      "locked": false,
      "locked_at": null,
      "locked_by": null,
      "title": "Wine Bar",
      "draft_title": "Wine Bar",
      "slug": "wine-bar",
      "content_type": 7,
      "url_path": "/home/cinema/wine-bar/",
      "owner": 1,
      "seo_title": "",
      "show_in_menus": false,
      "search_description": "",
      "latest_revision_created_at": null,
      "alias_of": null,
      "panorama_id": "CAoSLEFGMVFpcE9JZF9tU0dadUpzUVUxdHNpeGlqTjlOX29nMWNqbWlUMnkwMlcz",
      "lat": 52.09088199525481,
      "lng": -1.9399372483738944,
      "heading": 296.11357703275235,
      "elevation": -10.70600624113574,
      "zoom_level": 0.0,
      "body": "",
      "wagtail_admin_comments": []
    },
    "approved_go_live_at": null
  }
},
{
  "model": "wagtailcore.revision",
  "pk": 24,
  "fields": {
    "content_type": [
      "test",
      "panoramapage"
    ],
    "base_content_type": [
      "wagtailcore",
      "page"
    ],
    "object_id": "26",
    "submitted_for_moderation": false,
    "created_at": "2022-10-25T20:58:36.812Z",
    "user": [
      "admin"
    ],
    "object_str": "Vintage Projector",
    "content": {
      "pk": 26,
      "path": "0001000100010005",
      "depth": 4,
      "numchild": 0,
      "translation_key": "6ce2abb7-4238-4a04-9711-f85f38c9e12e",
      "locale": 1,
      "latest_revision": null,
      "live": true,
      "has_unpublished_changes": false,
      "first_published_at": null,
      "last_published_at": null,
      "live_revision": null,
      "go_live_at": null,
      "expire_at": null,
      "expired": false,
      "locked": false,
      "locked_at": null,
      "locked_by": null,
      "title": "Vintage Projector",
      "draft_title": "Vintage Projector",
      "slug": "vintage-projector",
      "content_type": 7,
      "url_path": "/home/cinema/vintage-projector/",
      "owner": 1,
      "seo_title": "",
      "show_in_menus": false,
      "search_description": "",
      "latest_revision_created_at": null,
      "alias_of": null,
      "panorama_id": "CAoSLEFGMVFpcFB6SUpDZG9QbFQ5UVNLeTkwVkxPR0tydE5NcGZnMW5nSEY4ZzI5",
      "lat": 52.090849256210234,
      "lng": -1.939864168600252,
      "heading": 151.96645560587436,
      "elevation": -11.410708827398025,
      "zoom_level": 0.0,
      "body": "",
      "wagtail_admin_comments": []
    },
    "approved_go_live_at": null
  }
},
{
  "model": "wagtailcore.revision",
  "pk": 25,
  "fields": {
    "content_type": [
      "test",
      "panoramapage"
    ],
    "base_content_type": [
      "wagtailcore",
      "page"
    ],
    "object_id": "27",
    "submitted_for_moderation": false,
    "created_at": "2022-10-25T20:59:02.938Z",
    "user": [
      "admin"
    ],
    "object_str": "Circle",
    "content": {
      "pk": 27,
      "path": "0001000100010006",
      "depth": 4,
      "numchild": 0,
      "translation_key": "66f44a37-7366-48df-9477-91a3bc963acf",
      "locale": 1,
      "latest_revision": null,
      "live": true,
      "has_unpublished_changes": false,
      "first_published_at": null,
      "last_published_at": null,
      "live_revision": null,
      "go_live_at": null,
      "expire_at": null,
      "expired": false,
      "locked": false,
      "locked_at": null,
      "locked_by": null,
      "title": "Circle",
      "draft_title": "Circle",
      "slug": "circle",
      "content_type": 7,
      "url_path": "/home/cinema/circle/",
      "owner": 1,
      "seo_title": "",
      "show_in_menus": false,
      "search_description": "",
      "latest_revision_created_at": null,
      "alias_of": null,
      "panorama_id": "CAoSLEFGMVFpcE5uUEx4NzJxdGMwWW5wWmZqUkNmdl85Zm1xQ1JBZDkxTkNvRVdL",
      "lat": 52.09090227401834,
      "lng": -1.9399094428079025,
      "heading": 6.459962727488005,
      "elevation": -2.9787667527242974,
      "zoom_level": 0.0,
      "body": "",
      "wagtail_admin_comments": []
    },
    "approved_go_live_at": null
  }
},
{
  "model": "wagtailcore.revision",
  "pk": 26,
  "fields": {
    "content_type": [
      "test",
      "panoramapage"
    ],
    "base_content_type": [
      "wagtailcore",
      "page"
    ],
    "object_id": "28",
    "submitted_for_moderation": false,
    "created_at": "2022-10-25T20:59:56.481Z",
    "user": [
      "admin"
    ],
    "object_str": "Bar",
    "content": {
      "pk": 28,
      "path": "0001000100010007",
      "depth": 4,
      "numchild": 0,
      "translation_key": "47370050-a070-4a92-8be7-ab8a2be6098c",
      "locale": 1,
      "latest_revision": null,
      "live": true,
      "has_unpublished_changes": false,
      "first_published_at": null,
      "last_published_at": null,
      "live_revision": null,
      "go_live_at": null,
      "expire_at": null,
      "expired": false,
      "locked": false,
      "locked_at": null,
      "locked_by": null,
      "title": "Bar",
      "draft_title": "Bar",
      "slug": "bar",
      "content_type": 7,
      "url_path": "/home/cinema/bar/",
      "owner": 1,
      "seo_title": "",
      "show_in_menus": false,
      "search_description": "",
      "latest_revision_created_at": null,
      "alias_of": null,
      "panorama_id": "CAoSLEFGMVFpcFBtNUtIVmF6S0RZajBqUHZ5Rk51MG5LbGgtakVkRkZIVmVfSjlW",
      "lat": 52.09095652574297,
      "lng": -1.939972667886309,
      "heading": 230.8924397984813,
      "elevation": -4.390011521063229,
      "zoom_level": 0.0,
      "body": "",
      "wagtail_admin_comments": []
    },
    "approved_go_live_at": null
  }
},
{
  "model": "wagtailcore.revision",
  "pk": 27,
  "fields": {
    "content_type": [
      "test",
      "panoramapage"
    ],
    "base_content_type": [
      "wagtailcore",
      "page"
    ],
    "object_id": "29",
    "submitted_for_moderation": false,
    "created_at": "2022-10-25T21:00:33.395Z",
    "user": [
      "admin"
    ],
    "object_str": "Movie & Meal",
    "content": {
      "pk": 29,
      "path": "0001000100010008",
      "depth": 4,
      "numchild": 0,
      "translation_key": "9f84d44f-8fa2-4012-bd32-a797cb67d3d2",
      "locale": 1,
      "latest_revision": null,
      "live": true,
      "has_unpublished_changes": false,
      "first_published_at": null,
      "last_published_at": null,
      "live_revision": null,
      "go_live_at": null,
      "expire_at": null,
      "expired": false,
      "locked": false,
      "locked_at": null,
      "locked_by": null,
      "title": "Movie & Meal",
      "draft_title": "Movie & Meal",
      "slug": "movie-meal",
      "content_type": 7,
      "url_path": "/home/cinema/movie-meal/",
      "owner": 1,
      "seo_title": "",
      "show_in_menus": false,
      "search_description": "",
      "latest_revision_created_at": null,
      "alias_of": null,
      "panorama_id": "CAoSLEFGMVFpcE02UWVvaWREU1U1MFpNY0V1eGY3X3FaRVkwV3I1VHVaa3ppVkF2",
      "lat": 52.09099387417026,
      "lng": -1.9399486879201504,
      "heading": 288.15267291362403,
      "elevation": -22.78777375283144,
      "zoom_level": 0.0,
      "body": "",
      "wagtail_admin_comments": []
    },
    "approved_go_live_at": null
  }
},
{
  "model": "wagtailcore.page",
  "pk": 1,
  "fields": {
    "path": "0001",
    "depth": 1,
    "numchild": 1,
    "translation_key": "bbd04dcb-9ddf-4e8b-a008-51063b55db53",
    "locale": 1,
    "latest_revision": null,
    "live": true,
    "has_unpublished_changes": false,
    "first_published_at": null,
    "last_published_at": null,
    "live_revision": null,
    "go_live_at": null,
    "expire_at": null,
    "expired": false,
    "locked": false,
    "locked_at": null,
    "locked_by": null,
    "title": "Root",
    "draft_title": "Root",
    "slug": "root",
    "content_type": [
      "wagtailcore",
      "page"
    ],
    "url_path": "/",
    "owner": null,
    "seo_title": "",
    "show_in_menus": false,
    "search_description": "",
    "latest_revision_created_at": null,
    "alias_of": null
  }
},
{
  "model": "wagtailcore.page",
  "pk": 2,
  "fields": {
    "path": "00010001",
    "depth": 2,
    "numchild": 3,
    "translation_key": "a15b7e66-9953-411b-85f3-8c72b0549c7d",
    "locale": 1,
    "latest_revision": null,
    "live": true,
    "has_unpublished_changes": false,
    "first_published_at": null,
    "last_published_at": null,
    "live_revision": null,
    "go_live_at": null,
    "expire_at": null,
    "expired": false,
    "locked": false,
    "locked_at": null,
    "locked_by": null,
    "title": "Welcome to your new Wagtail site!",
    "draft_title": "Welcome to your new Wagtail site!",
    "slug": "home",
    "content_type": [
      "wagtailcore",
      "page"
    ],
    "url_path": "/home/",
    "owner": null,
    "seo_title": "",
    "show_in_menus": false,
    "search_description": "",
    "latest_revision_created_at": null,
    "alias_of": null
  }
},
{
  "model": "wagtailcore.page",
  "pk": 9,
  "fields": {
    "path": "000100010001",
    "depth": 3,
    "numchild": 8,
    "translation_key": "962deb79-3d46-428f-89c2-7e50e251444a",
    "locale": 1,
    "latest_revision": 7,
    "live": true,
    "has_unpublished_changes": false,
    "first_published_at": "2022-10-25T20:48:38.147Z",
    "last_published_at": "2022-10-25T20:48:38.147Z",
    "live_revision": 7,
    "go_live_at": null,
    "expire_at": null,
    "expired": false,
    "locked": false,
    "locked_at": null,
    "locked_by": null,
    "title": "Cinema",
    "draft_title": "Cinema",
    "slug": "cinema",
    "content_type": [
      "test",
      "tourpage"
    ],
    "url_path": "/home/cinema/",
    "owner": [
      "admin"
    ],
    "seo_title": "",
    "show_in_menus": false,
    "search_description": "",
    "latest_revision_created_at": "2022-10-25T20:48:38.123Z",
    "alias_of": null
  }
},
{
  "model": "wagtailcore.page",
  "pk": 10,
  "fields": {
    "path": "000100010002",
    "depth": 3,
    "numchild": 6,
    "translation_key": "b3c7feae-b763-4eda-af78-245c3decfe32",
    "locale": 1,
    "latest_revision": 8,
    "live": true,
    "has_unpublished_changes": false,
    "first_published_at": "2022-10-25T20:49:41.496Z",
    "last_published_at": "2022-10-25T20:49:41.496Z",
    "live_revision": 8,
    "go_live_at": null,
    "expire_at": null,
    "expired": false,
    "locked": false,
    "locked_at": null,
    "locked_by": null,
    "title": "Wedding Venue",
    "draft_title": "Wedding Venue",
    "slug": "wedding-venue",
    "content_type": [
      "test",
      "tourpage"
    ],
    "url_path": "/home/wedding-venue/",
    "owner": [
      "admin"
    ],
    "seo_title": "",
    "show_in_menus": false,
    "search_description": "",
    "latest_revision_created_at": "2022-10-25T20:49:41.477Z",
    "alias_of": null
  }
},
{
  "model": "wagtailcore.page",
  "pk": 11,
  "fields": {
    "path": "000100010003",
    "depth": 3,
    "numchild": 4,
    "translation_key": "78fcc8ee-f28e-4f39-a186-f824fc6fc6e1",
    "locale": 1,
    "latest_revision": 9,
    "live": true,
    "has_unpublished_changes": false,
    "first_published_at": "2022-10-25T20:50:36.150Z",
    "last_published_at": "2022-10-25T20:50:36.150Z",
    "live_revision": 9,
    "go_live_at": null,
    "expire_at": null,
    "expired": false,
    "locked": false,
    "locked_at": null,
    "locked_by": null,
    "title": "Restaurant",
    "draft_title": "Restaurant",
    "slug": "restaurant",
    "content_type": [
      "test",
      "tourpage"
    ],
    "url_path": "/home/restaurant/",
    "owner": [
      "admin"
    ],
    "seo_title": "",
    "show_in_menus": false,
    "search_description": "",
    "latest_revision_created_at": "2022-10-25T20:50:36.129Z",
    "alias_of": null
  }
},
{
  "model": "wagtailcore.page",
  "pk": 12,
  "fields": {
    "path": "0001000100030001",
    "depth": 4,
    "numchild": 0,
    "translation_key": "5049d93a-50fa-4cef-b331-cb9202631cb1",
    "locale": 1,
    "latest_revision": 10,
    "live": true,
    "has_unpublished_changes": false,
    "first_published_at": "2022-10-25T20:51:22.063Z",
    "last_published_at": "2022-10-25T20:51:22.063Z",
    "live_revision": 10,
    "go_live_at": null,
    "expire_at": null,
    "expired": false,
    "locked": false,
    "locked_at": null,
    "locked_by": null,
    "title": "Welcome",
    "draft_title": "Welcome",
    "slug": "welcome",
    "content_type": [
      "test",
      "panoramapage"
    ],
    "url_path": "/home/restaurant/welcome/",
    "owner": [
      "admin"
    ],
    "seo_title": "",
    "show_in_menus": false,
    "search_description": "",
    "latest_revision_created_at": "2022-10-25T20:51:22.041Z",
    "alias_of": null
  }
},
{
  "model": "wagtailcore.page",
  "pk": 13,
  "fields": {
    "path": "0001000100030002",
    "depth": 4,
    "numchild": 0,
    "translation_key": "42cfa1fe-15ff-4c59-b83f-efbccd79ebde",
    "locale": 1,
    "latest_revision": 11,
    "live": true,
    "has_unpublished_changes": false,
    "first_published_at": "2022-10-25T20:51:53.886Z",
    "last_published_at": "2022-10-25T20:51:53.886Z",
    "live_revision": 11,
    "go_live_at": null,
    "expire_at": null,
    "expired": false,
    "locked": false,
    "locked_at": null,
    "locked_by": null,
    "title": "Dining Area",
    "draft_title": "Dining Area",
    "slug": "dining-area",
    "content_type": [
      "test",
      "panoramapage"
    ],
    "url_path": "/home/restaurant/dining-area/",
    "owner": [
      "admin"
    ],
    "seo_title": "",
    "show_in_menus": false,
    "search_description": "",
    "latest_revision_created_at": "2022-10-25T20:51:53.862Z",
    "alias_of": null
  }
},
{
  "model": "wagtailcore.page",
  "pk": 14,
  "fields": {
    "path": "0001000100030003",
    "depth": 4,
    "numchild": 0,
    "translation_key": "662637de-67df-44ca-a109-5dabb9ab34b1",
    "locale": 1,
    "latest_revision": 12,
    "live": true,
    "has_unpublished_changes": false,
    "first_published_at": "2022-10-25T20:52:24.739Z",
    "last_published_at": "2022-10-25T20:52:24.739Z",
    "live_revision": 12,
    "go_live_at": null,
    "expire_at": null,
    "expired": false,
    "locked": false,
    "locked_at": null,
    "locked_by": null,
    "title": "Bar",
    "draft_title": "Bar",
    "slug": "bar",
    "content_type": [
      "test",
      "panoramapage"
    ],
    "url_path": "/home/restaurant/bar/",
    "owner": [
      "admin"
    ],
    "seo_title": "",
    "show_in_menus": false,
    "search_description": "",
    "latest_revision_created_at": "2022-10-25T20:52:24.718Z",
    "alias_of": null
  }
},
{
  "model": "wagtailcore.page",
  "pk": 15,
  "fields": {
    "path": "0001000100030004",
    "depth": 4,
    "numchild": 0,
    "translation_key": "380d1949-5a8b-43c0-b79c-4cc4f31547c4",
    "locale": 1,
    "latest_revision": 13,
    "live": true,
    "has_unpublished_changes": false,
    "first_published_at": "2022-10-25T20:53:01.478Z",
    "last_published_at": "2022-10-25T20:53:01.478Z",
    "live_revision": 13,
    "go_live_at": null,
    "expire_at": null,
    "expired": false,
    "locked": false,
    "locked_at": null,
    "locked_by": null,
    "title": "Tea Room",
    "draft_title": "Tea Room",
    "slug": "tea-room",
    "content_type": [
      "test",
      "panoramapage"
    ],
    "url_path": "/home/restaurant/tea-room/",
    "owner": [
      "admin"
    ],
    "seo_title": "",
    "show_in_menus": false,
    "search_description": "",
    "latest_revision_created_at": "2022-10-25T20:53:01.456Z",
    "alias_of": null
  }
},
{
  "model": "wagtailcore.page",
  "pk": 16,
  "fields": {
    "path": "0001000100020001",
    "depth": 4,
    "numchild": 0,
    "translation_key": "1482b55e-4c85-41f5-9d78-d07829603f96",
    "locale": 1,
    "latest_revision": 14,
    "live": true,
    "has_unpublished_changes": false,
    "first_published_at": "2022-10-25T20:54:24.616Z",
    "last_published_at": "2022-10-25T20:54:24.616Z",
    "live_revision": 14,
    "go_live_at": null,
    "expire_at": null,
    "expired": false,
    "locked": false,
    "locked_at": null,
    "locked_by": null,
    "title": "Welcome",
    "draft_title": "Welcome",
    "slug": "welcome",
    "content_type": [
      "test",
      "panoramapage"
    ],
    "url_path": "/home/wedding-venue/welcome/",
    "owner": [
      "admin"
    ],
    "seo_title": "",
    "show_in_menus": false,
    "search_description": "",
    "latest_revision_created_at": "2022-10-25T20:54:24.592Z",
    "alias_of": null
  }
},
{
  "model": "wagtailcore.page",
  "pk": 17,
  "fields": {
    "path": "0001000100020002",
    "depth": 4,
    "numchild": 0,
    "translation_key": "8f8158ed-c7e4-40a0-a83b-c576690f29ec",
    "locale": 1,
    "latest_revision": 15,
    "live": true,
    "has_unpublished_changes": false,
    "first_published_at": "2022-10-25T20:54:46.558Z",
    "last_published_at": "2022-10-25T20:54:46.558Z",
    "live_revision": 15,
    "go_live_at": null,
    "expire_at": null,
    "expired": false,
    "locked": false,
    "locked_at": null,
    "locked_by": null,
    "title": "Garden",
    "draft_title": "Garden",
    "slug": "garden",
    "content_type": [
      "test",
      "panoramapage"
    ],
    "url_path": "/home/wedding-venue/garden/",
    "owner": [
      "admin"
    ],
    "seo_title": "",
    "show_in_menus": false,
    "search_description": "",
    "latest_revision_created_at": "2022-10-25T20:54:46.533Z",
    "alias_of": null
  }
},
{
  "model": "wagtailcore.page",
  "pk": 18,
  "fields": {
    "path": "0001000100020003",
    "depth": 4,
    "numchild": 0,
    "translation_key": "9fd4f3fa-c977-4fed-9acb-71035debfd0a",
    "locale": 1,
    "latest_revision": 16,
    "live": true,
    "has_unpublished_changes": false,
    "first_published_at": "2022-10-25T20:55:07.892Z",
    "last_published_at": "2022-10-25T20:55:07.892Z",
    "live_revision": 16,
    "go_live_at": null,
    "expire_at": null,
    "expired": false,
    "locked": false,
    "locked_at": null,
    "locked_by": null,
    "title": "Terrace",
    "draft_title": "Terrace",
    "slug": "terrace",
    "content_type": [
      "test",
      "panoramapage"
    ],
    "url_path": "/home/wedding-venue/terrace/",
    "owner": [
      "admin"
    ],
    "seo_title": "",
    "show_in_menus": false,
    "search_description": "",
    "latest_revision_created_at": "2022-10-25T20:55:07.868Z",
    "alias_of": null
  }
},
{
  "model": "wagtailcore.page",
  "pk": 19,
  "fields": {
    "path": "0001000100020004",
    "depth": 4,
    "numchild": 0,
    "translation_key": "d56a46b0-1d5f-4f34-913f-b6dcd6901810",
    "locale": 1,
    "latest_revision": 17,
    "live": true,
    "has_unpublished_changes": false,
    "first_published_at": "2022-10-25T20:55:31.884Z",
    "last_published_at": "2022-10-25T20:55:31.884Z",
    "live_revision": 17,
    "go_live_at": null,
    "expire_at": null,
    "expired": false,
    "locked": false,
    "locked_at": null,
    "locked_by": null,
    "title": "Marquee",
    "draft_title": "Marquee",
    "slug": "marquee",
    "content_type": [
      "test",
      "panoramapage"
    ],
    "url_path": "/home/wedding-venue/marquee/",
    "owner": [
      "admin"
    ],
    "seo_title": "",
    "show_in_menus": false,
    "search_description": "",
    "latest_revision_created_at": "2022-10-25T20:55:31.863Z",
    "alias_of": null
  }
},
{
  "model": "wagtailcore.page",
  "pk": 20,
  "fields": {
    "path": "0001000100020005",
    "depth": 4,
    "numchild": 0,
    "translation_key": "6ecc32ab-9c04-45aa-9785-9290c7dd01cb",
    "locale": 1,
    "latest_revision": 18,
    "live": true,
    "has_unpublished_changes": false,
    "first_published_at": "2022-10-25T20:55:56.458Z",
    "last_published_at": "2022-10-25T20:55:56.458Z",
    "live_revision": 18,
    "go_live_at": null,
    "expire_at": null,
    "expired": false,
    "locked": false,
    "locked_at": null,
    "locked_by": null,
    "title": "Bar",
    "draft_title": "Bar",
    "slug": "bar",
    "content_type": [
      "test",
      "panoramapage"
    ],
    "url_path": "/home/wedding-venue/bar/",
    "owner": [
      "admin"
    ],
    "seo_title": "",
    "show_in_menus": false,
    "search_description": "",
    "latest_revision_created_at": "2022-10-25T20:55:56.437Z",
    "alias_of": null
  }
},
{
  "model": "wagtailcore.page",
  "pk": 21,
  "fields": {
    "path": "0001000100020006",
    "depth": 4,
    "numchild": 0,
    "translation_key": "08312aee-49fb-42e2-8aad-738f6ce839df",
    "locale": 1,
    "latest_revision": 19,
    "live": true,
    "has_unpublished_changes": false,
    "first_published_at": "2022-10-25T20:56:16.549Z",
    "last_published_at": "2022-10-25T20:56:16.549Z",
    "live_revision": 19,
    "go_live_at": null,
    "expire_at": null,
    "expired": false,
    "locked": false,
    "locked_at": null,
    "locked_by": null,
    "title": "Lounge",
    "draft_title": "Lounge",
    "slug": "lounge",
    "content_type": [
      "test",
      "panoramapage"
    ],
    "url_path": "/home/wedding-venue/lounge/",
    "owner": [
      "admin"
    ],
    "seo_title": "",
    "show_in_menus": false,
    "search_description": "",
    "latest_revision_created_at": "2022-10-25T20:56:16.525Z",
    "alias_of": null
  }
},
{
  "model": "wagtailcore.page",
  "pk": 22,
  "fields": {
    "path": "0001000100010001",
    "depth": 4,
    "numchild": 0,
    "translation_key": "9f2779ae-ac20-4789-b1ac-21960d7d0daa",
    "locale": 1,
    "latest_revision": 20,
    "live": true,
    "has_unpublished_changes": false,
    "first_published_at": "2022-10-25T20:56:31.802Z",
    "last_published_at": "2022-10-25T20:56:31.802Z",
    "live_revision": 20,
    "go_live_at": null,
    "expire_at": null,
    "expired": false,
    "locked": false,
    "locked_at": null,
    "locked_by": null,
    "title": "Welcome",
    "draft_title": "Welcome",
    "slug": "welcome",
    "content_type": [
      "test",
      "panoramapage"
    ],
    "url_path": "/home/cinema/welcome/",
    "owner": [
      "admin"
    ],
    "seo_title": "",
    "show_in_menus": false,
    "search_description": "",
    "latest_revision_created_at": "2022-10-25T20:56:31.781Z",
    "alias_of": null
  }
},
{
  "model": "wagtailcore.page",
  "pk": 23,
  "fields": {
    "path": "0001000100010002",
    "depth": 4,
    "numchild": 0,
    "translation_key": "0fff01f2-acfe-48be-8d9c-bd9e3e696503",
    "locale": 1,
    "latest_revision": 21,
    "live": true,
    "has_unpublished_changes": false,
    "first_published_at": "2022-10-25T20:56:54.837Z",
    "last_published_at": "2022-10-25T20:56:54.837Z",
    "live_revision": 21,
    "go_live_at": null,
    "expire_at": null,
    "expired": false,
    "locked": false,
    "locked_at": null,
    "locked_by": null,
    "title": "Foyer",
    "draft_title": "Foyer",
    "slug": "foyer",
    "content_type": [
      "test",
      "panoramapage"
    ],
    "url_path": "/home/cinema/foyer/",
    "owner": [
      "admin"
    ],
    "seo_title": "",
    "show_in_menus": false,
    "search_description": "",
    "latest_revision_created_at": "2022-10-25T20:56:54.817Z",
    "alias_of": null
  }
},
{
  "model": "wagtailcore.page",
  "pk": 24,
  "fields": {
    "path": "0001000100010003",
    "depth": 4,
    "numchild": 0,
    "translation_key": "d0fc4cce-abdd-46a9-8152-7c65a9e776d6",
    "locale": 1,
    "latest_revision": 22,
    "live": true,
    "has_unpublished_changes": false,
    "first_published_at": "2022-10-25T20:57:23.338Z",
    "last_published_at": "2022-10-25T20:57:23.338Z",
    "live_revision": 22,
    "go_live_at": null,
    "expire_at": null,
    "expired": false,
    "locked": false,
    "locked_at": null,
    "locked_by": null,
    "title": "Cafe",
    "draft_title": "Cafe",
    "slug": "cafe",
    "content_type": [
      "test",
      "panoramapage"
    ],
    "url_path": "/home/cinema/cafe/",
    "owner": [
      "admin"
    ],
    "seo_title": "",
    "show_in_menus": false,
    "search_description": "",
    "latest_revision_created_at": "2022-10-25T20:57:23.316Z",
    "alias_of": null
  }
},
{
  "model": "wagtailcore.page",
  "pk": 25,
  "fields": {
    "path": "0001000100010004",
    "depth": 4,
    "numchild": 0,
    "translation_key": "bae411b6-c703-4442-bbf4-cd642e60a4d5",
    "locale": 1,
    "latest_revision": 23,
    "live": true,
    "has_unpublished_changes": false,
    "first_published_at": "2022-10-25T20:57:57.727Z",
    "last_published_at": "2022-10-25T20:57:57.727Z",
    "live_revision": 23,
    "go_live_at": null,
    "expire_at": null,
    "expired": false,
    "locked": false,
    "locked_at": null,
    "locked_by": null,
    "title": "Wine Bar",
    "draft_title": "Wine Bar",
    "slug": "wine-bar",
    "content_type": [
      "test",
      "panoramapage"
    ],
    "url_path": "/home/cinema/wine-bar/",
    "owner": [
      "admin"
    ],
    "seo_title": "",
    "show_in_menus": false,
    "search_description": "",
    "latest_revision_created_at": "2022-10-25T20:57:57.707Z",
    "alias_of": null
  }
},
{
  "model": "wagtailcore.page",
  "pk": 26,
  "fields": {
    "path": "0001000100010005",
    "depth": 4,
    "numchild": 0,
    "translation_key": "6ce2abb7-4238-4a04-9711-f85f38c9e12e",
    "locale": 1,
    "latest_revision": 24,
    "live": true,
    "has_unpublished_changes": false,
    "first_published_at": "2022-10-25T20:58:36.833Z",
    "last_published_at": "2022-10-25T20:58:36.833Z",
    "live_revision": 24,
    "go_live_at": null,
    "expire_at": null,
    "expired": false,
    "locked": false,
    "locked_at": null,
    "locked_by": null,
    "title": "Vintage Projector",
    "draft_title": "Vintage Projector",
    "slug": "vintage-projector",
    "content_type": [
      "test",
      "panoramapage"
    ],
    "url_path": "/home/cinema/vintage-projector/",
    "owner": [
      "admin"
    ],
    "seo_title": "",
    "show_in_menus": false,
    "search_description": "",
    "latest_revision_created_at": "2022-10-25T20:58:36.812Z",
    "alias_of": null
  }
},
{
  "model": "wagtailcore.page",
  "pk": 27,
  "fields": {
    "path": "0001000100010006",
    "depth": 4,
    "numchild": 0,
    "translation_key": "66f44a37-7366-48df-9477-91a3bc963acf",
    "locale": 1,
    "latest_revision": 25,
    "live": true,
    "has_unpublished_changes": false,
    "first_published_at": "2022-10-25T20:59:02.961Z",
    "last_published_at": "2022-10-25T20:59:02.961Z",
    "live_revision": 25,
    "go_live_at": null,
    "expire_at": null,
    "expired": false,
    "locked": false,
    "locked_at": null,
    "locked_by": null,
    "title": "Circle",
    "draft_title": "Circle",
    "slug": "circle",
    "content_type": [
      "test",
      "panoramapage"
    ],
    "url_path": "/home/cinema/circle/",
    "owner": [
      "admin"
    ],
    "seo_title": "",
    "show_in_menus": false,
    "search_description": "",
    "latest_revision_created_at": "2022-10-25T20:59:02.938Z",
    "alias_of": null
  }
},
{
  "model": "wagtailcore.page",
  "pk": 28,
  "fields": {
    "path": "0001000100010007",
    "depth": 4,
    "numchild": 0,
    "translation_key": "47370050-a070-4a92-8be7-ab8a2be6098c",
    "locale": 1,
    "latest_revision": 26,
    "live": true,
    "has_unpublished_changes": false,
    "first_published_at": "2022-10-25T20:59:56.503Z",
    "last_published_at": "2022-10-25T20:59:56.503Z",
    "live_revision": 26,
    "go_live_at": null,
    "expire_at": null,
    "expired": false,
    "locked": false,
    "locked_at": null,
    "locked_by": null,
    "title": "Bar",
    "draft_title": "Bar",
    "slug": "bar",
    "content_type": [
      "test",
      "panoramapage"
    ],
    "url_path": "/home/cinema/bar/",
    "owner": [
      "admin"
    ],
    "seo_title": "",
    "show_in_menus": false,
    "search_description": "",
    "latest_revision_created_at": "2022-10-25T20:59:56.481Z",
    "alias_of": null
  }
},
{
  "model": "wagtailcore.page",
  "pk": 29,
  "fields": {
    "path": "0001000100010008",
    "depth": 4,
    "numchild": 0,
    "translation_key": "9f84d44f-8fa2-4012-bd32-a797cb67d3d2",
    "locale": 1,
    "latest_revision": 27,
    "live": true,
    "has_unpublished_changes": false,
    "first_published_at": "2022-10-25T21:00:33.417Z",
    "last_published_at": "2022-10-25T21:00:33.417Z",
    "live_revision": 27,
    "go_live_at": null,
    "expire_at": null,
    "expired": false,
    "locked": false,
    "locked_at": null,
    "locked_by": null,
    "title": "Movie & Meal",
    "draft_title": "Movie & Meal",
    "slug": "movie-meal",
    "content_type": [
      "test",
      "panoramapage"
    ],
    "url_path": "/home/cinema/movie-meal/",
    "owner": [
      "admin"
    ],
    "seo_title": "",
    "show_in_menus": false,
    "search_description": "",
    "latest_revision_created_at": "2022-10-25T21:00:33.395Z",
    "alias_of": null
  }
},
{
  "model": "wagtailcore.groupcollectionpermission",
  "pk": 1,
  "fields": {
    "group": [
      "Editors"
    ],
    "collection": 1,
    "permission": [
      "add_document",
      "wagtaildocs",
      "document"
    ]
  }
},
{
  "model": "wagtailcore.groupcollectionpermission",
  "pk": 2,
  "fields": {
    "group": [
      "Moderators"
    ],
    "collection": 1,
    "permission": [
      "add_document",
      "wagtaildocs",
      "document"
    ]
  }
},
{
  "model": "wagtailcore.groupcollectionpermission",
  "pk": 3,
  "fields": {
    "group": [
      "Editors"
    ],
    "collection": 1,
    "permission": [
      "change_document",
      "wagtaildocs",
      "document"
    ]
  }
},
{
  "model": "wagtailcore.groupcollectionpermission",
  "pk": 4,
  "fields": {
    "group": [
      "Moderators"
    ],
    "collection": 1,
    "permission": [
      "change_document",
      "wagtaildocs",
      "document"
    ]
  }
},
{
  "model": "wagtailcore.groupcollectionpermission",
  "pk": 5,
  "fields": {
    "group": [
      "Editors"
    ],
    "collection": 1,
    "permission": [
      "choose_document",
      "wagtaildocs",
      "document"
    ]
  }
},
{
  "model": "wagtailcore.groupcollectionpermission",
  "pk": 6,
  "fields": {
    "group": [
      "Moderators"
    ],
    "collection": 1,
    "permission": [
      "choose_document",
      "wagtaildocs",
      "document"
    ]
  }
},
{
  "model": "wagtailcore.groupcollectionpermission",
  "pk": 7,
  "fields": {
    "group": [
      "Editors"
    ],
    "collection": 1,
    "permission": [
      "add_image",
      "wagtailimages",
      "image"
    ]
  }
},
{
  "model": "wagtailcore.groupcollectionpermission",
  "pk": 8,
  "fields": {
    "group": [
      "Moderators"
    ],
    "collection": 1,
    "permission": [
      "add_image",
      "wagtailimages",
      "image"
    ]
  }
},
{
  "model": "wagtailcore.groupcollectionpermission",
  "pk": 9,
  "fields": {
    "group": [
      "Editors"
    ],
    "collection": 1,
    "permission": [
      "change_image",
      "wagtailimages",
      "image"
    ]
  }
},
{
  "model": "wagtailcore.groupcollectionpermission",
  "pk": 10,
  "fields": {
    "group": [
      "Moderators"
    ],
    "collection": 1,
    "permission": [
      "change_image",
      "wagtailimages",
      "image"
    ]
  }
},
{
  "model": "wagtailcore.groupcollectionpermission",
  "pk": 11,
  "fields": {
    "group": [
      "Editors"
    ],
    "collection": 1,
    "permission": [
      "choose_image",
      "wagtailimages",
      "image"
    ]
  }
},
{
  "model": "wagtailcore.groupcollectionpermission",
  "pk": 12,
  "fields": {
    "group": [
      "Moderators"
    ],
    "collection": 1,
    "permission": [
      "choose_image",
      "wagtailimages",
      "image"
    ]
  }
},
{
  "model": "wagtailusers.userprofile",
  "pk": 1,
  "fields": {
    "user": [
      "admin"
    ],
    "submitted_notifications": true,
    "approved_notifications": true,
    "rejected_notifications": true,
    "updated_comments_notifications": true,
    "preferred_language": "",
    "current_time_zone": "",
    "avatar": ""
  }
},
{
  "model": "test.panoramapage",
  "pk": 12,
  "fields": {
    "panorama_id": "CAoSLEFGMVFpcE4zX00zT09ORE1oQmN6NmxlVWZENVB2RFdGd2JfX1J2TVZTZWg4",
    "lat": 52.26812513498337,
    "lng": -2.1461220373322476,
    "heading": 183.06,
    "elevation": 27.510000000000005,
    "zoom_level": 0.0,
    "body": ""
  }
},
{
  "model": "test.panoramapage",
  "pk": 13,
  "fields": {
    "panorama_id": "CAoSLEFGMVFpcE9COEFLTVFhaWFQaWpQMWpGNXhGdDlmQ2hyT01zSVFGRFc1NC1Y",
    "lat": 52.26800270651126,
    "lng": -2.146175206428552,
    "heading": 266.18820756241166,
    "elevation": -11.430332772138527,
    "zoom_level": 0.0,
    "body": ""
  }
},
{
  "model": "test.panoramapage",
  "pk": 14,
  "fields": {
    "panorama_id": "CAoSLEFGMVFpcE1fRWIzWHNVaHlmMXJYWkpQNDR5cmVUSGJmdUQ4VG5YeTlWdHl2",
    "lat": 52.26804365573941,
    "lng": -2.1461080076999224,
    "heading": 68.95548371566605,
    "elevation": -6.246037307294017,
    "zoom_level": 0.0,
    "body": ""
  }
},
{
  "model": "test.panoramapage",
  "pk": 15,
  "fields": {
    "panorama_id": "CAoSLEFGMVFpcE4tWTJvaHdMX1U0a1JWQjkza0Etd3VvejhGSURWbDZKandOWDNi",
    "lat": 52.26809185396259,
    "lng": -2.1460402616453393,
    "heading": 75.12994857459903,
    "elevation": -19.85209279936184,
    "zoom_level": 1.0,
    "body": ""
  }
},
{
  "model": "test.panoramapage",
  "pk": 16,
  "fields": {
    "panorama_id": "CAoSLEFGMVFpcE5DWS1CMnZkczNjNjNMbGZJSC1EazZWQmxhM1FkSkFMVmVjZC04",
    "lat": 52.31867329987068,
    "lng": -2.117642238736152,
    "heading": 135.12,
    "elevation": 6.590000000000003,
    "zoom_level": 0.0,
    "body": ""
  }
},
{
  "model": "test.panoramapage",
  "pk": 17,
  "fields": {
    "panorama_id": "CAoSLEFGMVFpcE1xMXNfVkFaay1Oa3Rvd1J0N0hLOHd0NUhXMFFRcGpMYUVNVTJz",
    "lat": 52.3186237034071,
    "lng": -2.1177059412002563,
    "heading": 183.54078660749718,
    "elevation": 1.4588785036634704,
    "zoom_level": 0.0,
    "body": ""
  }
},
{
  "model": "test.panoramapage",
  "pk": 18,
  "fields": {
    "panorama_id": "CAoSLEFGMVFpcE44MFFVd1pyQkNhZkdYSG9ibV84NXlHd0FLU0s0anAwZFNWLVdm",
    "lat": 52.318486800483576,
    "lng": -2.117740474641323,
    "heading": 17.520689347619758,
    "elevation": -6.880222486765433,
    "zoom_level": 0.0,
    "body": ""
  }
},
{
  "model": "test.panoramapage",
  "pk": 19,
  "fields": {
    "panorama_id": "CAoSLEFGMVFpcE5CNFdxUUUwOGpURnF1Zmw3dHhYdTZ5UHpST2FhSGMzUTdmME41",
    "lat": 52.31844601644694,
    "lng": -2.1176278218626976,
    "heading": 146.47480543154072,
    "elevation": -17.964748310259395,
    "zoom_level": 1.0,
    "body": ""
  }
},
{
  "model": "test.panoramapage",
  "pk": 20,
  "fields": {
    "panorama_id": "CAoSLEFGMVFpcE1FTm5pOVg5Qno2QlVOVDNDQmpBNldndlNmTU5xRFpKRGM2NGkw",
    "lat": 52.318548898718404,
    "lng": -2.117425985634327,
    "heading": 172.50635051359436,
    "elevation": -3.2163483948705505,
    "zoom_level": 1.0,
    "body": ""
  }
},
{
  "model": "test.panoramapage",
  "pk": 21,
  "fields": {
    "panorama_id": "CAoSLEFGMVFpcE9rUVgwcHFlSkFzVnIxOXVqMmpoLUdJRHkwdTRQdmljUldWZENa",
    "lat": 52.3185208213095,
    "lng": -2.11747694760561,
    "heading": 185.19747288298237,
    "elevation": -13.234795590143051,
    "zoom_level": 1.0,
    "body": ""
  }
},
{
  "model": "test.panoramapage",
  "pk": 22,
  "fields": {
    "panorama_id": "CAoSLEFGMVFpcE9neElqU3p6MjlabTZzWEtnQ3JsYS1wV0h2SzJtS25qenlibGRH",
    "lat": 52.09083741009934,
    "lng": -1.93985668333778,
    "heading": 335.58,
    "elevation": 7.939999999999998,
    "zoom_level": 0.0,
    "body": ""
  }
},
{
  "model": "test.panoramapage",
  "pk": 23,
  "fields": {
    "panorama_id": "CAoSLEFGMVFpcE1nWF9idV9DZnNwWjVtbi12LWRrRTlwMU1EeFRkWG9JY3dPNElE",
    "lat": 52.090898064809096,
    "lng": -1.939898332286134,
    "heading": 49.74571700035699,
    "elevation": -2.53957585331311,
    "zoom_level": 0.0,
    "body": ""
  }
},
{
  "model": "test.panoramapage",
  "pk": 24,
  "fields": {
    "panorama_id": "CAoSLEFGMVFpcE83MjlESHZEdXlSWTBQbkMzb3ZzRUszUG5ZZlk2enRLR2UyOHkw",
    "lat": 52.09093885719924,
    "lng": -1.9400894034367866,
    "heading": 76.62024358504759,
    "elevation": 4.798967797402952,
    "zoom_level": 0.0,
    "body": ""
  }
},
{
  "model": "test.panoramapage",
  "pk": 25,
  "fields": {
    "panorama_id": "CAoSLEFGMVFpcE9JZF9tU0dadUpzUVUxdHNpeGlqTjlOX29nMWNqbWlUMnkwMlcz",
    "lat": 52.09088199525481,
    "lng": -1.9399372483738944,
    "heading": 296.11357703275235,
    "elevation": -10.70600624113574,
    "zoom_level": 0.0,
    "body": ""
  }
},
{
  "model": "test.panoramapage",
  "pk": 26,
  "fields": {
    "panorama_id": "CAoSLEFGMVFpcFB6SUpDZG9QbFQ5UVNLeTkwVkxPR0tydE5NcGZnMW5nSEY4ZzI5",
    "lat": 52.090849256210234,
    "lng": -1.939864168600252,
    "heading": 151.96645560587436,
    "elevation": -11.410708827398025,
    "zoom_level": 0.0,
    "body": ""
  }
},
{
  "model": "test.panoramapage",
  "pk": 27,
  "fields": {
    "panorama_id": "CAoSLEFGMVFpcE5uUEx4NzJxdGMwWW5wWmZqUkNmdl85Zm1xQ1JBZDkxTkNvRVdL",
    "lat": 52.09090227401834,
    "lng": -1.9399094428079025,
    "heading": 6.459962727488005,
    "elevation": -2.9787667527242974,
    "zoom_level": 0.0,
    "body": ""
  }
},
{
  "model": "test.panoramapage",
  "pk": 28,
  "fields": {
    "panorama_id": "CAoSLEFGMVFpcFBtNUtIVmF6S0RZajBqUHZ5Rk51MG5LbGgtakVkRkZIVmVfSjlW",
    "lat": 52.09095652574297,
    "lng": -1.939972667886309,
    "heading": 230.8924397984813,
    "elevation": -4.390011521063229,
    "zoom_level": 0.0,
    "body": ""
  }
},
{
  "model": "test.panoramapage",
  "pk": 29,
  "fields": {
    "panorama_id": "CAoSLEFGMVFpcE02UWVvaWREU1U1MFpNY0V1eGY3X3FaRVkwV3I1VHVaa3ppVkF2",
    "lat": 52.09099387417026,
    "lng": -1.9399486879201504,
    "heading": 288.15267291362403,
    "elevation": -22.78777375283144,
    "zoom_level": 0.0,
    "body": ""
  }
},
{
  "model": "test.tourpage",
  "pk": 9,
  "fields": {
    "maps_url": "https://www.google.com/maps/place/Regal+Cinema+Evesham/@52.0908374,-1.9398567,3a,90y,335.58h,97.94t/data=!3m8!1e1!3m6!1sAF1QipOgxIjSzz29Zm6sXKgCrla-pWHvK2mKnjzybldG!2e10!3e11!6shttps:%2F%2Flh5.googleusercontent.com%2Fp%2FAF1QipOgxIjSzz29Zm6sXKgCrla-pWHvK2mKnjzybldG%3Dw203-h100-k-no-pi-30.000002-ya83.87635-ro-0-fo100!7i13312!8i6656!4m8!3m7!1s0x4870dde2a3c124f9:0x540b84f32ae5f6ab!8m2!3d52.090865!4d-1.939927!14m1!1BCgIgARICCAI!16s%2Fg%2F11h0tfkgc",
    "lat": 52.0908374,
    "lng": -1.9398567,
    "heading": 335.58,
    "elevation": 7.939999999999998,
    "zoom_level": 0.0
  }
},
{
  "model": "test.tourpage",
  "pk": 10,
  "fields": {
    "maps_url": "https://www.google.com/maps/place/Manor+Hill+House+Weddings/@52.3186733,-2.1176422,3a,75y,135.12h,96.59t/data=!3m8!1e1!3m6!1sAF1QipNCY-B2vds3c63LlfIH-Dk6VBla3QdJALVecd-8!2e10!3e11!6shttps:%2F%2Flh5.googleusercontent.com%2Fp%2FAF1QipNCY-B2vds3c63LlfIH-Dk6VBla3QdJALVecd-8%3Dw224-h298-k-no-pi-0-ya237.14285-ro0-fo100!7i8000!8i4000!4m8!3m7!1s0x4870ece053171809:0x99ab2060fe09039b!8m2!3d52.3184969!4d-2.1174893!14m1!1BCgIgARICCAI!16s%2Fg%2F1tdlgr2z",
    "lat": 52.3186733,
    "lng": -2.1176422,
    "heading": 135.12,
    "elevation": 6.590000000000003,
    "zoom_level": -1.0
  }
},
{
  "model": "test.tourpage",
  "pk": 11,
  "fields": {
    "maps_url": "https://www.google.com/maps/place/Bullocks+Bistro+and+bar/@52.2681251,-2.146122,3a,90y,183.06h,117.51t/data=!3m8!1e1!3m6!1sAF1QipN3_M3OONDMhBcz6leUfD5PvDWFwb__RvMVSeh8!2e10!3e11!6shttps:%2F%2Flh5.googleusercontent.com%2Fp%2FAF1QipN3_M3OONDMhBcz6leUfD5PvDWFwb__RvMVSeh8%3Dw203-h100-k-no-pi-20-ya1.5714489-ro-0-fo100!7i13312!8i6656!4m8!3m7!1s0x4870ede88ffe2963:0x65d2e616db4b051b!8m2!3d52.2680806!4d-2.1461306!14m1!1BCgIgARICCAI!16s%2Fg%2F11ckvlphp4",
    "lat": 52.2681251,
    "lng": -2.146122,
    "heading": 183.06,
    "elevation": 27.510000000000005,
    "zoom_level": 0.0
  }
}
]
